id,text
t0,What is delivery speed to the United States?
t1,"I stupidly initiated a rent payment from the wrong account yesterday. It can't be paid from that account, but it really needs to get paid on time. Am I able to move the payment to the right account?"
t2,What is needed to activate my card?
t3,Where can I find top up by cash deposit?
t4,What happened to the money that I deposited?
t5,When will the money be made available in my account?
t6,How and where can I find the identity checks?
t7,The recipient doesn't see the money transaction I made
t8,I believe that the rate of exchange for my cash withdrawl is incorrect.
t9,If i want to change my pin number can I directly from an ATM?
t10,"Hello, I believe there has been a mistake made on the exchange rate for my card. Could you please check the official interbank exchange rate for me?"
t11,Is my PIN recorded anywhere?
t12,Why is the cash not showing in my account for the check I deposited?
t13,What countries are you supporting?
t14,Can you tell me where to find top up by cash deposit?
t15,"I have a transfer from the US, How long is the wait?"
t16,How do I get a refund for something I bought?
t17,Why is my PIN blocked?
t18,How can I change my PIN?  Help.
t19,What is the process when my card is due to expire?
t20,Where do I find my code to verify my top-up card?
t21,Can I have another card in addition to my first one?
t22,Do you issue cards for someone living in the US?
t23,I need to transfer money into this account from my other bank account.
t24,Verifying top-up cards necessary?
t25,I have a transaction showing up more than once.
t26,Tell me why my topup wouldn't go through?
t27,How do I know where my funds come from?
t28,Why are top-ups being verified?
t29,I am so angry right now!  I went to the ATM and did not get the correct amount of money I chose to withdraw.  How could this happen?  I need my money and want to know how I can get it ASAP!
t30,How do I get my card into the app?
t31,What currencies do you accept for adding money to my account?
t32,I sent a payment but now it's not showing up.
t33,When can I expect to receive my card?
t34,Will my pin number be sent with my card?
t35,I have my card now how do I activate it?
t36,Why is there an identify check?
t37,"After putting in the wrong PIN too many times, I was blocked. Can you assist me in changing it?"
t38,What is the present state of the exchange rate?
t39,Will you charge me more if I top up with an international card?
t40,The money disappeared after I topped up my account.
t41,Can I use a Visa or Mastercard?
t42,Why hasn't arrived yet a transaction I did to my friend?
t43,Why is my cash withdrawal still pending?
t44,What is the rate for exchange fees?
t45,Are you available in my country?
t46,"I lost my phone, what should I do?"
t47,Why aren't my payment funds available to me?
t48,"Hi, I am unable to use my card in ATM. I had tried my card in two ATMs but both ATMs declined it. Could you please check my account?"
t49,Have you sent out my card yet?
t50,"If my top-up didn't transfer, what went wrong?"
t51,What cards do you support
t52,why do I have to show my ID
t53,I had to pay a pound more than I anticipated!
t54,I have a new card. How do I activate it?
t55,Money is not in recipients account.
t56,My bag got stolen with all my cards. Can you please cancel my card and send a new one?
t57,I made a payment and it appears it is showing twice
t58,"Hey, I got charged extra for some reason when I purchased an app. Is this a hidden fee or something? I don't think it's very cool."
t59,I have forgotten my passcode
t60,Is there an age limit to when my child can use these services?
t61,I was given the wrong amount of cash
t62,I don't understand why you aren't accepting my transfer. After a couple times trying I'm still getting an error message.
t63,How do I cancel a transfer?
t64,I was charge a fee that I wasn't told about
t65,I need to verify the source of funds.
t66,I seem to of forgotten my passcode.
t67,my friend has not got the money I sent last week.
t68,"I heard you have an auto-top up option, where do I find that?"
t69,"I have used all my PIN tries, what now?"
t70,Why is there an extra fee on a transfer?
t71,I transferred some cash and it didn't arrive
t72,Where did the  €1 fee in my statement come from
t73,Why was I charged extra on my app?
t74,"I already made a transfer and want to cancel it, how do I do that?"
t75,It looks like my card payment was sent back.
t76,I don't remember my passcode?
t77,my statement contains an unknown payment
t78,I am having trouble with the app recognizing me.
t79,How many disposable cards can I have at one time?
t80,What does it cost to receive a SEPA transfer?
t81,I exchanged Russian rubles for British pounds today and got less than I expected. Was exchange rate correct?
t82,When will I get my new card?
t83,I am out of money in my account and I was wondering if I could do a bank transfer is put more in it?
t84,I have exceeded the number of PIN attempts
t85,Is there a way you can have money from a purchase I made refunded to my account.
t86,Can I exchange USD and GBP from the app?
t87,can I have multiple currencies?
t88,A transfer was not allowed to an account.
t89,There's a payment with my card that I definitely didn't create. I don't know anyone by that name.
t90,What are the age requirements for service?
t91,When will I get a virtual card? I haven't gotten one yet
t92,If my card payment isn't working what do I do?
t93,"I froze my account, but how do I order a replacement card?"
t94,I think my top up was reversed.
t95,I wanted to purchase something online but the payment was returned back to me. This has been going on for a couple of weeks. Please tell me what is going on here?
t96,I would like to link my card to my account.
t97,there is a debit i dont recognize
t98,"The exchange rate you're using is terrible - this can't be the official interbank exchange rate, can it?"
t99,When will my top up be applied?
t100,My card payment did not go through.
t101,"I was charged a fee for the transfer, but can you tell me why?"
t102,Can I transfer money to my card via bank-transfer?
t103,What do I do if I lost my phone?
t104,How is the PIN delivered?
t105,The app reversed a top off I had.  What should I do?
t106,What is the cost of a transfer?
t107,Is my child too young to sign up?
t108,My card wasn't working in a shop
t109,why is there a service fee on my statement?
t110,Is there a fee for european bank cards?
t111,which identity details are required
t112,Why is there a charge for $1 on my account?
t113,I didn't see any reason why my transfer was declined. What gives?
t114,let me know how many disposable cards I can have?
t115,I just did a money transaction but its not showing they received it
t116,What is the way to go about getting a virtual card?
t117,How can I fix my bank transfer to show up on my bank account?
t118,How long will it take the money to appear in my account?
t119,I want to deactivate my account.
t120,how do the cards work?
t121,Is it possible to exchange currencies on the app?
t122,I am interested in changing my personal details.
t123,My transfer hasn't appeared yet
t124,How can I reset my PIN?
t125,When does my transfer from the US arrive in my account?
t126,How do I get my card out of the ATM?
t127,How quickly can I transfer something to China?
t128,How do I order a replacement for stolen card?
t129,Why was I charged more than I should have been?
t130,"I no longer have my phone, what should I do?"
t131,I have been double charged
t132,Please delete my account and personal information.
t133,I was charged a fee for using my card. Can I check that in any way? It seems like there are occasions that I am charge for fees. Can you elaborate this?
t134,why do i have a failed transfer
t135,When will I receive the cash payment from the check I deposited?
t136,I still haven't gotten my new card.  When will it get here?
t137,Cash I did not get showed up in my account
t138,Whats wrong with my currency exchange?
t139,Do you know the process how to activate my card?
t140,Can I use app to unblock my card?
t141,When I purchased a product in another country the currency exchange was incorrect.
t142,Salary in GBP has been received. Does it need to be configured into another place?
t143,Is there a top up fee for transfer?
t144,How do I get my refund back?
t145,Will I be charged a fee for a SEPA transfer?
t146,How long does it take for cash withdrawals to hit my account?
t147,Can I reset my PIN?
t148,"Although I am not located in the UK area, may i still receive a card?"
t149,My balance doesn't show my deposit.
t150,What forms of ID should I use for verification?
t151,My card wont work at an ATM
t152,"Show me how to link the new card,"
t153,I did not receive the correct amount for the exchange rate.
t154,Can I allow other people to top up my account?
t155,Why is my card payment still listed as pending?
t156,Do you have to be in the UK to get a card?
t157,I am not able to verify my id. Why?
t158,I got a strange cash withdrawal in my statement
t159,How do I go about ordering a card?
t160,What should I do if I lost my phone?
t161,"I received the wrong color and size, can I return it?"
t162,Where do I go to update details?
t163,I have a missing refund
t164,There is a payment done with my card which i definitely did not do.Never seen that name before.
t165,I don't recognize the direct debit payment from the app.
t166,Can you help me find the virtual card?
t167,What can I expect at card expiration?
t168,Is it possible for me to change my PIN number?
t169,"There's a weird payment showing in my app that I definitely haven't made myself, as I haven't used the card at all that day. Please cancel that and return my money."
t170,For what reason must I authenticate the top up?
t171,WHY IS THERE AN EXTRA FEE FOR USING THE ATM??!!!
t172,Can you tell me why I can't make any transactions?
t173,Tell me what the steps for the identity checks are
t174,When will my virtual card arrive?
t175,why didnt a transfer to my account process
t176,Is there a charge for a physical card?
t177,Why was my exchange rate a different amount than usual?
t178,Why is your exchange rate different on different days?
t179,"Hi, I made a transfer from France two days ago and thought it would be here by now. Can you give me an update please?"
t180,Why was I charged twice?
t181,I ordered my card a couple weeks ago and haven't received it yet. When can I expect it?
t182,How much is the charge for a foreign currency exchange?
t183,Why did the ATM cancel my transaction
t184,"I cannot get to my app, what should I do?"
t185,I paid with my card and I was charged a fee
t186,I thought transfers were free. Why was I charged to transfer?
t187,What forms of ID do you need for identity verification?
t188,"I had a seller reach out to me saying my money didn't come through to them, but I'm sure it was removed from my account. Can you figure out what the deal is here?"
t189,I would like to cancel my order.
t190,Please check the exchange rate for my payment last Saturday. I believe I have been overcharged.
t191,Can I put my found card back into the app on my phone?
t192,How many disposable cards can you own?
t193,Do physical cards cost money?
t194,How would I use a bank transfer for topping my account?
t195,I am having trouble activating my card.
t196,I lost my phone. Can I disable to app?
t197,How do I take a block off my card?
t198,"On the card that is coming, what's the tracking info?"
t199,Tried using my ATM card earlier at one of your locations for the first time.  It didn't work.  What is going on?
t200,I still don't have a card. How do I get one?
t201,Where do my fund come from?
t202,I am missing my refund.
t203,How long is the delivery time to the US?
t204,"There are transactions that I don't remember making, i think someone might have gotten my card details and is now using it."
t205,What are eligible holding and exchange currencies?
t206,I believe a wrong exchange rate was applied towards a cash transaction I made abroad.
t207,Would I be able to top up as much as I can?
t208,Can I transfer money using a different currency?
t209,Please tell me how to get a refund for something I bought.
t210,"There are charges on my card from the past few day I am pretty sure I didnt make, can you please freeze it for me? How do I get my money returned since it wasnt me?"
t211,Show me how to activate my card
t212,"I have my card, when whill my PIN be available?"
t213,How can we correct a mistake on an ATM transaction?  The app shows what I should have gotten.
t214,Please tell me why the purchase I made online returned payment. I really wanted this item and I've been trying for 2 weeks.
t215,How can I sign up for a virtual card?
t216,I have a canceled top-up and wanted to know about it.
t217,Please help to explain to me why my new card was declined when I tried to use it at my grocery store this morning to pay for the items I needed.  I tried three times to use it and it kept being declined.  I was very embarrassed standing there trying to buy my groceries.
t218,How long does it take for a transfer to post
t219,The bank charged me fees for withdrawing cash!
t220,Whats the limit on my top up
t221,How do i access the auto top-up option?
t222,What is the meaning of a pending payment?
t223,How much can I top up in a day?
t224,My physical card is not working
t225,"I was trying to make a transfer and got an error message telling me it was not possible to make the transfer. This has never happened before, what happened?"
t226,My statement shows an extra fee - what is it?
t227,I don't recognize the direct debit payment on my account.
t228,Where can I find the exchange rate for my transfer?
t229,I need to know which fiat currencies I can use with you.
t230,Fees for currency exchange
t231,I can't use top up on Google Pay.
t232,Card payment still pending.
t233,Why is my check still not showing up on my account? It's been a week already
t234,Is exchanging currencies a feature of the app?
t235,Are visa and mastercard accepted
t236,Can my friend send me money if it is not in US dollars?
t237,I just got my card.  It's not linked yet--how do I do that?
t238,There is a refund missing.
t239,Why does a payment show up twice?
t240,When can I expect my refund?
t241,I did a transfer but the balance is the same.
t242,You charged me more than once for the same transaction!
t243,What is the cause of the delay in applying my card payment to my account?
t244,I found a transfer fee - is that correct?
t245,"I have an account at another bank, but I want to transfer some of the money to my account here.
."
t246,"Changed details is essential, what steps do I take to do so?"
t247,How long will it take for my cash withdrawal to stop pending
t248,I don't know my password
t249,Why isn't my topup working?
t250,Why can't I take money from my account?
t251,Where did the money transfer go?
t252,What currencies do you support?
t253,"I asked for a certain amount of money from the ATM, but it gave me a different amount. Less than what I asked for."
t254,Will I be charged for topping up my account using a bank transfer?
t255,"The transfer keeps failing - I tried to transfer some money to friends this morning but it keeps getting rejected for some reason, I have no idea why"
t256,Close down my account.  I don't like your service.
t257,How long will delivery to the US take?
t258,What are the top up charges for all US cards?
t259,"My transfer was declined, why is that?"
t260,When will the money show in my account?
t261,How does your app transfer the money
t262,My money transfer hasn't appeared yet.
t263,Whats types of currency can I exchange?
t264,Help me find the transfer that I did.
t265,For some reason I am unable to preform a transfer to a beneficiary.
t266,"I tried to withdraw money, but was unable to. Still says that the transaction is pending? Will this money disappear??"
t267,What is with the need to have all my ID information?
t268,I'm interested in getting a virtual card.  How do I get one?
t269,What is the process for unlocking the pin?
t270,I would like to get a few more physical cards.
t271,"I'd like to get a Visa card, please."
t272,Where can I find your exchange rates?
t273,Am I able to get this shipped to China?
t274,My top-up hasn't happened yet.
t275,disposable virtual card can be ordered where?
t276,I have a problem with a transfer. It didn't work. Can you tell me why?
t277,Can I change my PIN on my phone?
t278,"Hi , I just came to know I made the wrong transaction  yesterday. Would  you please make it correct?I need it by tomorrow."
t279,How do I get my card on the app?
t280,The ATM won't let me take out cash
t281,"Hi, Could you please help me as someone has stolen my wallet few hours ago. And a withdrawal is made, please help immediately. As i don't want to suffer more."
t282,When do I get my card PIN?
t283,Was I charged extra for using my card?
t284,Why wasn't my contactless accepted at the metro?
t285,Is there anyway to use a cheque to top up?
t286,I made a payment that is not yet complete.
t287,Can you please assist me in completing a transfer? I'm trying and I keep getting an error. I'm trying to purchase a flat and pay the initial mortgage payment. All I keep getting is an error. Can you find out what's happening here?
t288,Why did I only receive this much currency?
t289,Why did my transfer to a beneficiary fail?
t290,Are there any restrictions for the disposable cards?
t291,Please help me find my top-up verification code
t292,I'm trying to use a cheque to top up
t293,I am having problems with my physical card.
t294,I tried to buy something online yesterday but it kept saying declined. Tried another time today but same thing happened. What's Broken?
t295,What can I use to verify my identity?
t296,I believe there is a mistake because a payment I didn't make shows in my app.
t297,how long should i wait ti activate my card
t298,Would I get a Visa or Mastercard?
t299,Why hasn't my card arrived yet?
t300,I don't want to use this method to identify myself.
t301,Do you work in Greece?
t302,Why would my top up be reverted?
t303,I accidentally exceeded my PIN tries.  Please advise.
t304,Am I able to add money into my account using my American Express?
t305,Please help me set up a new PIN.
t306,"I don't understand what a disposable virtual card is, can you help?"
t307,I wanted $100 but only got $20
t308,"Hello I made a bank account transfer from the UK. The transfer was a couple hours ago, nothing has shown up yet.  Can you check to see if everything okay. Please."
t309,I would like to cancel my previous purchase.
t310,I am travelling and I was wondering what your exchange rates are
t311,My PIN has been blocked.
t312,"My top-up was cancelled, could my bank be the problem?"
t313,"Recently, a few weeks ago there was a transaction made on my account by some seller that I don't recognize. I am very certain that didn't happen  and will like for you to trace back to make sure."
t314,I want to transfer some money from my other bank account into this one.
t315,What limits are there on the virtual cards?
t316,What does it mean if it says my card payment has been cancelled?
t317,i need a refund right away but the funds aren't available in my account
t318,The ATM machine ate my card.
t319,How will I know when I get my refund?
t320,Was there a number to track that I could get?
t321,I don't see any change in my balance.
t322,is there a limit for top up?
t323,Still waiting for transfer to be completed.
t324,"If I want to send out more cards, do you charge extra for that?"
t325,"Do you not accept crypto transfers from certain places? Because when I tried to do a top up the money just disappeared. Im not sure what to do or what I'm doing wrong, please help."
t326,What does it mean when it says that I have a payment that is pending?
t327,"My cash withdrawal was declined, why?"
t328,"I'm not happy, I want to close my account."
t329,Where can i find the virtual card?
t330,My transaction is on the wrong account.
t331,What is the return policy?
t332,I bought an item then noticed the exchange rate was wrong.
t333,What reasons would cause my card payment to be cancelled?
t334,I believe my exchange rate is incorrect
t335,Is there a way to get a virtual card?
t336,I no longer want this can i cancel my purchase?
t337,What areas are cards delivered to?
t338,I am not comfortable verifying my indentity.
t339,Are there any limits to using disposable virtual cards?
t340,The purchase I made is still pending.
t341,Does it cost anything to buy something from another country? Like is there going to be hidden transfer fees or currency conversion fees?
t342,Can you explain why my Google Pay Top isn't working?
t343,What is the process for setting up and account for my child?
t344,Can I exchange USD for GBP in your app?
t345,Do I get charged if I am receiving money?
t346,can i add funds  with a card from the united states
t347,Why is it important to verify my identity?
t348,Help please!  My rent payment is coming out tomorrow and I made a payment mistake yesterday! Can you put in in the correct account?
t349,How long would does it take for a seller to receive an EU transfer if I bought something from them and sent them the money immediately?
t350,Please help me.  I don't know my code to get into the app.
t351,They used the wrong rate when I made a purchase with foreign currency.
t352,Canceling my order is what I need to do right now.
t353,How do I close my account?
t354,"I can't get my card out of the ATM, what should I do now?"
t355,"The expiration date for my card is coming up, how do I get a new card?"
t356,How are the exchange rates for transfers calculated?
t357,What do I need to do in order to get a new card?
t358,I made a payment and it was reverted and wanted to know why?
t359,Cancel Transaction
t360,Do you need to know my first and last name?
t361,Are there fees for adding money with an International card?
t362,"How long do transfers take, mine just says pending?"
t363,I've been waiting for a refund where is it?
t364,Please tell me how disposable virtual cards work?
t365,Please update me on whether you have received the funds for the refund of the large purchase I made recently. I have requested this from the merchant days ago but still haven't got anything.
t366,The ATM keeps rejecting my Payment. I tried two different ATMs but did not work .Can you please check if everything is okay with my account?
t367,What is the proper way to activate a card?
t368,Do I have to go into the bank to change my PIN?
t369,Why is my cash still pending that I put in ATM?
t370,What are the disposable cards used for?
t371,i want to get a card but i live in the US
t372,"I know this very late, but I just went through my statements from the last couple months and there's one quite large-ish payment that I definitely haven't made. Is it still possible to dispute it?"
t373,Can you explain more about why should I verify my identity?
t374,How can I get a card sent to China?
t375,My balance was not updated after transferring money.
t376,Why is it necessary to verify the top up?
t377,Please tell me if I'm going to be charged for sending out more cards?
t378,Am I able to get a refund for something I bought?
t379,Why was I charged a fee when making this transfer when I shouldn't have been?
t380,Is there such thing as an auto top-up option?
t381,How can I tell if my card payment is reverted?
t382,My app shows cash I didn't get.
t383,I returned an item but don't see it on my account?
t384,What are the top-up fees for my card?
t385,What do I do if my top-up has not gone through?
t386,My phone is missing or stolen.
t387,How does a bank transfer for topping my account work?
t388,I need to cancel my recent transfer as soon as possible. I made an error there. Please help before it goes through.
t389,My transfer still says pending
t390,Why is checking my identity important?
t391,My card got stuck in an ATM.
t392,I believe my top up is still pending
t393,When I was drunk I got my card stuck in your machine because i mis-typed my PIN. What do I need to do to get it restored?
t394,I transferred some money to my mom 2 days ago and she has not received it. I double checked the information and it looks right. Can you help me?
t395,How can I transfer money using my credit card?
t396,What kind of ATMs would this card be accepted at?
t397,I seem to have lost my card.
t398,Tell me if there is a limit to top-up.
t399,is there a fee for swift transfer
t400,How long does a bank transfer take to show up in available funds?
t401,Transfer has failed.
t402,There is a cash withdrawal on my statement that I did not make
t403,"Transfers may show up as pending for up to one business day while they are processed, and then they'll depart for the beneficiary accounts. Please confirm that you have correctly entered your account details. SEPA transfers typically take up to two working days, while SWIFT transfers can take up to five working days."
t404,"I need to know this, where do my funds come from?"
t405,"Please help! I was looking at my account and saw a transaction with a seller I don't remember. Is it possible for you to track the sale, because I really don't think I made a payment to them."
t406,Is it possible to get a refund for the item?
t407,Can I tell if my top off didn't work?  It doesn't seem to have.
t408,Extra charge during transfer
t409,What should I do if my card payment was cancelled?
t410,Please delete my account immediately.
t411,My transfer hasn't arrived
t412,When can I expect my new card to get here?
t413,Can you give me info about what to do when my card expires?
t414,What ATMs will allow me to change my PIN?
t415,"I'm having issues with my card. You guys keep declining it for some reason. I haven't had any issues up until this point. What is going on? I've tried a handful of times with the same, unfortunate, result!"
t416,"Hi, status of one of my card payment is still pending from a while. Please let e know how much time it will take to complete."
t417,What age do you have to be to open an account?
t418,I've tried several times to make a payment and every time my card is declined? Could my card be locked? I don't know what to do.
t419,I couldn't transfer money to a beneficiery
t420,Why was my ATM withdrawal cancelled?
t421,I think someone stole my card number and brought stuff in different places that I have never been to. I need to suspend any further purchase on my credit card.
t422,I'm confused ass to why my contactless is not working.
t423,how to track the card you sent
t424,Tell me what ATMs allow me to change my PIN.
t425,Why am I seeing a transfer fee on my bank statement?
t426,Why can't my ID be verified?
t427,Where is the closest ATM to me?
t428,"Can you tell me how long it would take, to make a transfer from France? I made one 2 days ago and its not there yet."
t429,I need to check status as my friend hasn't got money I sent.
t430,Where can I located the auto-top up option?
t431,"My money has disappeared. I had recently added money in, and saw it was there and went through. Now it's gone. What is happening?"
t432,I would like help to revert a transaction I did this morning
t433,"My card has not been delivered yet and its been a week since I ordered it, please help"
t434,Is it okay to hold money in multiple currencies?
t435,Please tell me why the same transaction is showing up on my account more than once.
t436,Why have I been charged a small fee to use my card?
t437,What businesses accept my card?
t438,How long until transfers complete?
t439,I need money put into this account from another one.
t440,Can I get my card fast tracked?
t441,When can I expect a transfer from Europe to go through?
t442,There are a couple payments with my card displayed in the app which I didn't make. What is happening? Maybe someone has access to my card.
t443,Where are the cards transported to?
t444,Why hasn't my return cleared my account?
t445,how do i add money from my amex card to top up
t446,How do I replace my card?
t447,"My PIN got blocked, help."
t448,Why hasn't my cash been deposited yet?
t449,I need a physical card.  What are the fees?
t450,"I noticed my card payment was cancelled, can you tell me why?"
t451,Why hasn't my top-up finished pending yet?
t452,I made a purchase but never expected to see a fee charged for the transaction.
t453,What is the limit on disposable cards?
t454,The ATM shows a withdraw of the amount of money I requested but I didn't revieve that amount in cash.
t455,I think the exchange rate was incorrect.
t456,My credit card payment has been in pending status for a super long time.  I don't get it.  Why is it like this?  When will it go through?
t457,I didn't enjoy my tutor session and want a refund back. How do I go about doing this?
t458,Where is the money that I transferred.
t459,Can you tell me where to find my top-up verification code?
t460,"Give me back my money, I'm not paying the sellers. It has been a long time ago that I made an order and it just isn't coming."
t461,Can you check the exchange rate on a cash transaction I did overseas
t462,I completed a transfer that isn't showing up on my account.
t463,Hi I am trying to transfer money to another country but it is showing pending and it has been a long time.  I have checked numbers and they are correct.  Could you please help?
t464,Why can't I get my top up to work in Apple Pay?
t465,Where do I find the auto top up option?
t466,How do I set up my card PIN?
t467,i can not see my top up
t468,The exchange rate was messed up from the ATM
t469,how much is the fee for topping by card
t470,I need to delete my account.
t471,Someone else used my card to withdraw cash from an ATM
t472,"I withdrew some cash, when is it going to show?"
t473,How can I activate the new card i got?
t474,How do I get a real card?
t475,I need some help linking my new card.
t476,I want to shut down my account as soon as possible.
t477,"My details need to be changed, how can I do so?"
t478,On what do you base your exchange rates?
t479,I seem to be unable to make any transactions.
t480,What is preventing me from adding a specific beneficiary?
t481,My top up hasn't gone through
t482,I want to transfer money from another account into this one.
t483,Is my card valid everywhere?
t484,What fiat currencies are supported?
t485,My card stopped working. How do I check if there is a freeze on it?
t486,Who can have access to top up my account?
t487,There are a few payments in the app that I didn't make! Does someone else have my card?  What should I do?
t488,Why can't the recepient of my money transaction see it?
t489,Why would I receive an error that my transfer isn't possible when I've done it before?
t490,how many uses are the disposable cards good for?
t491,"Can Google Pay be used for top up, please help?"
t492,Why was the exchange wrong for the item I purchased?
t493,Why is there a fee for using my card?
t494,I would like to change my name after marriage.
t495,I want one of the virtual cards!
t496,How do I dispute a debit that I didn't make?
t497,Is it possible to change from USD to GBP with your App?
t498,What are the limitations on the disposable cards?
t499,I keep checking my statements but nothing shows up.I requested a refund a long time ago but seems like it's not submitting my account for some reason. Can you please help me get the money back from the seller for me
t500,What can I do to verify my card?
t501,Why is the transfer still pending?  Can I do something?
t502,My ATM withdrawal was cancelled
t503,What is the process for activating a new card.
t504,I tried to withdraw $100 but only got $20. What happened?
t505,where do I go to top up with cash?
t506,What should I do if I can't use my card?
t507,Why haven't I gotten my new card?
t508,Are there any limits if I use these virtual cards?
t509,Someone mugged my and stole everything.  I can't use the app.  What should I do?
t510,In what places can I use my card?
t511,My top up was denied
t512,I was under the impression that transfers were going to be free and here I was charged for something I bought overseas!  I don't think this fee is right
t513,My withdrawals were going smooth until I got declined today. What is going on?
t514,"How long is a top up supposed to be pending, because an hour is too long! Can you fix this to go through?"
t515,When should I expect to receive my card?
t516,I couldnt transfer money from my account.
t517,What is the purpose for verifying my identity?
t518,I am asking to end my account.
t519,Is it possible to hold money in multiple currencies?
t520,Do you have any age limit?
t521,Whats the process of tranfering money into an account?
t522,how much does it cost to add money
t523,What do I do if I already had a card with you guys?
t524,Can you show me how to top up with Google play?
t525,What would the age limit be?
t526,"My card payment is just showing up as pending since forever, what's going on with that, it should be going through at some point?"
t527,What is the extra €1 on my statement for?
t528,can other people use the app to add money to my account
t529,Can you tell me where I can withdraw money?
t530,"A few weeks ago, a strange transaction was made on my account by a seller I don't know. I am quite sure I didn't do it and will like for you to check it for me."
t531,Is it possible to get a real card?
t532,"If I were to do a transfer, what is the rate for that?"
t533,What options do I have when topping up a US card?
t534,What is the reason for the extra fee on my statement?
t535,What is the time period for money to be transferred?
t536,Can you make exchanges using the EUR?
t537,"for god sake, just delete my account i am sick of this"
t538,Can I have a second card issued to another family member?
t539,Why was I charged a fee on a cash withdrawal?
t540,The exchange rate was not correct for the item I bought.
t541,Where did this extra €1 fee on my statement come from?
t542,I don't think the exchange rate was right.
t543,I'm getting concerned here.  I sent a friend some money and she isn't seeing it.  What's going on?
t544,This isn't fair! I thought transfers could be made for free. I just made  a purchase online from abroad and now see some strange fee that I've never seen before.
t545,Which ATMs take the card?
t546,I want a backup second card. Is this possible?
t547,What is going on? I have checked over and over and the details of my account are right. Why is my transfer still pending? It's 2018 not 1818. Transfering money to another country can't be that hard.
t548,I would like more physical cards
t549,"I made a bank transfer from my UK account today, but it's not showing.  Can you check status?"
t550,Where do I unblock my PIN?
t551,Reasons for top up cancellation.
t552,"My mother deposited a cheque into my account last week, why is it still not showing up?"
t553,"I have an unknown debit charge in my statement, why?"
t554,Payment I didn't do.
t555,Why was my new card declined?
t556,It looks like my card payment might have been reverted.
t557,I need to change my contact information.
t558,I need to know how much it costs to transfer funds.
t559,How much money can I withdraw before fees? I noticed a fee on my card but I didn't think I had hit the limit of how much I could withdraw in a month.
t560,How is top-up verified?
t561,Do you have an auto-top function and how do I use it if so?
t562,Why verify the top-ups?
t563,Where do I order additional cards?
t564,Can I unblock my PIN in the app?
t565,Why is the cash withdrawal under pending?
t566,How can I request cash back? The ATM just gave me a different amount than what I've been charged though...
t567,I have a payment that hasn't went through yet.
t568,on my statement there is a payment that I don't recognise
t569,My phone has been stolen.  How can I make sure no one uses my account from it?
t570,After taking over my card transactions I noticed that was charged twice for a restaurant purchased from earlier this week. Can you please remove one of these transactions from my account since it is not accurate?
t571,what is the leadtime for a new card to show up in the mail?
t572,I can't get my actual card to work
t573,How can I tell if my top-up has been cancelled?
t574,I cannot get my card out of the ATM.
t575,"I've been waiting for something that i've ordered for months now and it still hasn't arrived. I genuinely don't know what this company is doing, but put plainly, i've had enough. Please issue a refund immediately, i would not like to waste anymore of my time on these people."
t576,"My card will expire soon, When do I need to order a new one?"
t577,What do I need to do to get my new card which I have requested 2 weeks ago?
t578,I'm having difficulty verifying my identity.
t579,Why can't I complete my transfer?
t580,I was under the impression I can make transfers for free. I made an online purchase for something that was obroad and there's some additional strange fee. I've never seen this before and this isn't fair.
t581,What is the minimum age required to open an account with your service?
t582,Is my PIN the same thing as my passcode?
t583,I can't see my refund in my history.
t584,What currencies can I use to top up my account?
t585,A transaction posted twice to my account.
t586,There's a card payment with a name I don't recognize
t587,is apple pay a top up service?
t588,Is it possible to link a new card?
t589,I tried to make a transfer but it failed. will you tell me why?
t590,The ATM I'm standing in front of only gave me 10 pounds rather than the 30 pounds I wanted. The app shows I took out 30 pounds also. What do I need to do to fix this?
t591,The recipient can not locate funds.
t592,Are there limitations to what currency I can hold?
t593,"My top-up does not seem to have worked, what  went wrong?"
t594,"If someone in a different country sends me money, do I have to pay a fee?"
t595,I want to change the wrong exchange rate.
t596,Can you tell me how to tell where my funds come from?
t597,I used my card to make a payment and wondered why the payment was reverted?
t598,"I've obtained the card, how do I enable it on the app?"
t599,Why am I being asked to verify my identity?
t600,How long until the card arrives?
t601,Are there directions to get a new passcode if I forgot mine?
t602,What on earth is up with the exchange rate! This should have been a much higher amount of cash
t603,what are limits to top up
t604,I used my card and there was a fee
t605,"I usually don't get charged for transfers, why was I this month?"
t606,I think I deserve a refunded on a certain item.
t607,Can I get another card?
t608,How long is the delivery to the US?
t609,Is my account able to be topped up by my friends?
t610,Can you tell me more about limits to disposable virtual cards?
t611,Are you sure this is the interbank exchange rate? This rate is really bad.
t612,Can I use a disposable virtual card for any purchase?
t613,Is there a way to undo a transaction?
t614,The cash I deposited using the ATM is still pending
t615,How long does a payment usually show as pending? Is it normal that mine is still pending?
t616,The top-up did not go through.
t617,how can i get it to add money automatically while travelling
t618,How many times can I enter a wrong PIN before it is blocked?
t619,i need to add express delivery if that's an option
t620,I tried to purchase airline tickets online this morning and my card information isn't working. Is there something going on with my account?
t621,What source do my fund come from?
t622,"Please cancel my most recent transfer, it was a mistake. This is an emergency. It needs to be canceled before it goes through."
t623,Will my card work at all merchant locations?
t624,"My bag was stolen from me yesterday, so I can't use any apps or anything. I need some help."
t625,"I made a card payment, but it has been declined?"
t626,There is a record of payment I never submitted on the app.
t627,"I don't want this account anymore, how do I delete it?"
t628,I have a duplicate payment on my card.
t629,"I topped up and went to buy something, but it says that my funds are pending. Is there a way to quicken this process?"
t630,I would like for someone to tell me which fiat currencies that your company supports.
t631,Why is the payment I made still pending?
t632,"I tempted to get some money out of the machine earlier and it did not work.Looking now, the transaction actually shows to still be in progress. I would certainly appreciate someone look into this and let me know what's going on. I definitely do not want to be charged for money I never received."
t633,Can you send me a new card and block my current one. I'm in Spain and my wallet was stolen.
t634,"I can't make any transfers, they won't go through, the details are correct as I checked them.  Can you look in to this please?"
t635,I have an unknown direct debit payment on my account
t636,The amount of cash I received was not the full amount
t637,my google pay seems to be acting up.
t638,What do I do if the machine rejects my card?
t639,Account topping up bank transfers to my account assistance please?
t640,I've made a horrible mistake!  I transferred money to the wrong account by accident!  I entered one of the digits wrong.  I need this cancelled immediately please.
t641,Why is there a fee on a card payment?
t642,I'm still waiting for my card that was issued a week ago. What should I do?
t643,What's going on? My card wont accept any transactions.
t644,I was charged the wing amount for an item.
t645,How much will it cost me for a SEPA transfer?
t646,Can I change my in at all ATM's?
t647,The app is showing a direct debit payment that I never made
t648,Please provide currency exchange rates
t649,Why did I get a different card then requested?
t650,My statement does not reflect that a refund has been issued
t651,How long will it take to transfer something to China urgently?
t652,"Would you please unblock my pin? I don't know why, but it's blocked."
t653,Why did my transfer not work?
t654,I look but I see no virtual card. Why is that?
t655,I wanted to top up my account and it doesn't look like it worked
t656,"I thought I lost my card so I cancelled it, but recently I found it in my jacket and I would like to re-establish the card."
t657,"I have not used my card all day, however, there is an unusual payment showing in my app.  I would like to have that amount reimbursed."
t658,what steps do i do to get a real card
t659,"I received my card, how do I get it to work in the app?"
t660,is there something blocking me from making transfers
t661,What is the process to create a disposable virtual card?
t662,I received incorrect amount of cash from an ATM today. It was more than I wanted. What do I do now?
t663,"I want to block my card or deactivate it or something, it's been stolen and I don't want it misused. I want this handled right away."
t664,How can I access my account when I have lost my phone?
t665,The machine gave me the wrong amount of cash.
t666,"I thought I can make transfers for free, this is not fair. I bought something online from abroad and there was some weird additional fee that I've never seen before?"
t667,atm ate my card
t668,Why does my account show as pending a cash withdrawal from the ATM that I have already made?
t669,I need a new card.
t670,What's my limit for topping up?
t671,How do I top up with a cheque?
t672,I forgot the passcode on my app.
t673,I didn't realize that there were any fees for withdrawing money from my account--this has never happened to me before.  What exactly are the fees?
t674,how do i get a refund for a direct debit payment i didn't make
t675,I topped up my account but the money isn't there now.
t676,How do I go forth on holding money in multiple currencies?
t677,Can you please sort out your top up? I need this to go through asap because I really need the money. It's already been pending for an hour.
t678,Where do I need to go to change my PIN?
t679,Is there an issue with my card payment as it has not gone through.
t680,Why has my account balance not changed after depositing a cheque?
t681,My top-up is not working. Why is that?
t682,What am I supposed to do if the funds haven't show up from a transfer completed this morning?
t683,I just lost my wallet and I think someone is using my card to withdraw my money. Can you please cancel or freeze my card?!!
t684,Can I change my PIN on holiday?
t685,Is there a charge for top-ups?
t686,What is the highest amount I can top-up?
t687,What's the wait time for European transfers?
t688,How do I change to AUD from GBP?
t689,How do I add my new card to the app?
t690,They is a payment I don't recognize on my statement.
t691,It's been a week since I ordered my card and it's not here. Please help?
t692,"How long does a transfer from a UK account take? I just made one and it doesn't seem to be working, wondering if everything is okay"
t693,How can I prove I am me?
t694,There was an unexpected fee for my cash withdrawal!
t695,"I just transferred some money into my account and do not see it updated yet, can you assist?"
t696,My account is locked because I used the wrong pin too many times.  Please help.p
t697,I have a question about fee for cash withdraw.
t698,What do I need to see my source of money?
t699,What is the procedure to transfer money to my account?
t700,Where can I find my PIN? I haven't gotten it yet.
t701,Does it cost anything to do currency exchanges?
t702,What does top-up verification do?
t703,"I have been charged a fee, I didn't know about this fee before! When do you charge extra for card payments?"
t704,"I bought something and received it, but the payment went back to my account. Is the seller okay?"
t705,i cannot find my card PIN
t706,Can you tell me why the transfer isn't showing up on my account?
t707,How do I cancel a purchase?
t708,At what cash machines can I change my PIN?
t709,what is the exchange rate for foreign ATMs
t710,I want to top up my account. What payment methods are supported?
t711,I need to know what these extra charges are on my statement?
t712,I was overcharged a pound.
t713,What is the number of transactions for one disposable card?
t714,How can I get my money back for a payment i didnt make
t715,How do I shut down my account and get out of this company?
t716,I need to terminate my account.
t717,How would I go about getting a physical card to use in stores?
t718,Several items I have charged this week are appearing twice.  Please review my statement and remove any duplicate charges.
t719,I've made a transfer from France two days ago but I was wondering if international transfers take longer to arrive because it hasn't made it yet.
t720,what is the correct exchange rate for getting cash
t721,"I desperately need to top-up my card, so why is it being declined? Can you solve this for me? I need to use my card immediately!"
t722,I noticed additional charges when transferring?
t723,Why have I not received my PIN
t724,What is the process to link the new card?
t725,I want to start using my card.
t726,When I add money to my international card do you charge a fee to do so?
t727,I don't know where a direct debit payment came from
t728,What is the reason a transfer shows as pending?
t729,What do I need for the identity verification?
t730,Can I use this app to exchange currencies?
t731,Is it normal to see a fee for transferring money?
t732,Do I need to do anything special for my friend to send money to my account?
t733,I can't recall my password.
t734,I need my card right away.
t735,The transfer was accepted but now it's stuck on pending. When will it go through?
t736,Do you have a list of businesses that accept this card?
t737,Why should I verify the top-up?
t738,My payment has been declined several times.  Can you help me?
t739,What type of card can I get?
t740,Which currencies can I use to add money?
t741,What do I do if my card expires soon?
t742,i don't see the top-up verification code anywhere
t743,The balance has not been updated.
t744,what are your exchange rates at?
t745,"i've waited 2 days for a transfer to reach a retailers account, am i going to have to wait longer."
t746,How do I find out where my funds came from?
t747,Your service is bad.  Close my account.
t748,I would like a card please.
t749,A mortgage payment I'm making is giving me an error message.  This is the first time I'm making this payment and want to know what's wrong.
t750,I have a card payment which shows as pending
t751,I have money in a foreign account that I want to send to this account.
t752,"I removed cash from an ATM earlier but it shows up as pending in the app. How can this still be pending, I already received the cash?"
t753,Where is my card?
t754,"What is this card payment, I do not recognize it."
t755,What methods are available for my friend to send me money?
t756,Please explain why my payment was declined? I thought everything was good.
t757,No option to top up with a cheque ?
t758,Where is the PIN number found?
t759,Where can I check to see if there will be a fee added to my payment? Are there specific instances that will result in a fee added?
t760,I had the wrong exchange rate applied to some cash I got abroad.
t761,The app failed to verify my id.
t762,How much is it to use my US debit or credit card to top up?
t763,How do I use American express to top up my account?
t764,Why has my money been returned back to my card.
t765,I got cash abroad and need to check the exchange rate
t766,I don't have my passcode to access the app.
t767,Do you know the rate of exchange?
t768,I just bought an item and changed my mind.  I have not received it yet how can I get refunded.  Thank you.
t769,"I made a mistake and did a transaction to a wrong account, can I cancel?"
t770,Where do i find my PIN?
t771,I need assistance activating my card?
t772,I'm concerned because my cash withdrawal is pending.
t773,The app is showing that I received alot more money than I actually received from the ATM. This occurred earlier today.
t774,My cash deposit hasn't posted to my account.
t775,Can I open an account for my offspring?
t776,What's the tracking on the card you sent?
t777,"I tried using my card, but it doesn't work."
t778,"Hi, I am unable to see transaction in my account which i made couples of hours ago from my UK account. Please help me in this."
t779,Google pay top up not working.
t780,Have you started charging for cash withdrawals? I always thought it was free until I noticed this fee. How much is the fee?
t781,What am i missing to verify my id?
t782,What do I do if I forgot my passcode?
t783,My payment didn't work and the money is in back in my account.
t784,I was attempting to top up with my card but the money has vanished!
t785,I'm not certain my top-up went through yet.
t786,I want a mastercard
t787,I couldn't make a transfer
t788,I was charged multiple times at the same location at the same time
t789,My order needs to be canceled.
t790,What's the procedure with currency exchange?
t791,I tried activation my card and it didn't employment
t792,Is there a way to use this app with a disposable virtual card?
t793,"There is an extra $1 charge on my statement, why is that?"
t794,Why did using an ATM cause me to have an extra fee charged?
t795,Physical cards are what I need more of
t796,"When I travel, can it automatically add money in certain intervals?"
t797,A percentage fee was charged to my withdrawal.
t798,I've completely forgot the code to get into the app.
t799,Can I top up for free using a European card?
t800,How long will it take for the money to reach my account?
t801,What are the acceptable currencies for adding funds?
t802,I did not get the right amount of cash from the ATM.
t803,What do I do if I can't get my card out of the ATM?
t804,I requested a refund but can't see it.
t805,"I would like to delete my account now, please."
t806,I need my card to be activated right now.
t807,"
Which cash machines will allow me to change my PIN?"
t808,Transfer declined.
t809,Why did I get charged twice for the same thing
t810,The transfer I made isn't reflected in my balance
t811,I just moved to the US how do I get a card?
t812,HOW LONG THE CARD VALIDITY
t813,why hasn't my cash arrived yet from my cheque?!
t814,I have yet to receive the cash I added to my account this morning.
t815,My payment had a wrong exchange rate.
t816,I was charged a fee for a transfer. Where did it come from?
t817,"My top-up was supposed to be done, but now the money is gone! Is there a glitch in your system?"
t818,Tell me about the limit for top ups.
t819,Why is my balance the same after a transfer?
t820,Can I get both a Visa and a Mastercard from you?
t821,I'm expecting to see a cash withdrawal but I'm still waiting.
t822,What is your currency exchange fee?
t823,Can you please tell me why my cash withdrawal is still pending?
t824,Why isn't a refund showing on my statement?
t825,What do I owe for a new card?
t826,I'd prefer Mastercard.
t827,Where do I find my card PIN?
t828,My card is due to expire
t829,Was my card payment reverted?
t830,Is there a way to see my money's source?
t831,How do I delete an account?
t832,How do I use a card to top up?
t833,Why isn't my balance updating?  I did a bank transfer and it isn't current.
t834,What is the reason for the fee charge on my transfer?
t835,What is this direct debit in my statement?
t836,How will I know where my funds are coming from?
t837,Why can't my transfer complete?
t838,Why isn't my pending transfer finished?
t839,I sent money and the recipient has not received their money after two weeks.
t840,How can I receive my salary in another currency?
t841,My transfer has not arrived.
t842,There is  a charge I don't recognize.
t843,I couldn't get the money I needed.
t844,Can I have my card activated?
t845,I am paid by my employer in GBP; do I need to do anything in the app to indicate this?
t846,What's my pin number?
t847,Why hasn't my friend received the money i sent them yet?
t848,I need my refund
t849,What information do I need to gather in order to activate my card?
t850,Please explain the exchange rates.
t851,It seems like my card payment didn't work.
t852,Why did my card get charged twice for a transaction?
t853,Is there a pay structure for currency exchanges?
t854,How do I go about exchanging currencies with this app?
t855,How do I activate my card that just arrived?
t856,What's the deal? Money has just disappeared out of my account. I thought you offered crypto top up and it doesn't seem to working.
t857,I'm confused. My contactless is suddenly not working anywhere that I try to use it. How do I fix it?
t858,Can my PIN changed remotely without visiting a bank?
t859,I was charged more than once in a single transaction
t860,How can I choose between Visa and Mastercard?
t861,Seems like the exchange rate for my payment last Saturday was wrong. I was charged extra.
t862,Tell me about the card PIN?
t863,Is it possible to purchase more physical cards with my account?
t864,Why is my cash withdrawal still showing as pending?
t865,"I want to reactivate my card, I thought I had lost it but I found it."
t866,"I already paid to top-up but the funds aren't available yet, where are they?"
t867,Why was I charged an additional fee when paying with card?
t868,My card payment might have been reverted.
t869,Where can I find an ATM?
t870,Will I see the transfer in my account within the week?
t871,Is there a limit to how much I can top up?
t872,My payment was terminated
t873,"For the disposable cards, what are the restrictions?"
t874,I'd like to have it delivered on Saturday.  Is that possible?
t875,Why was I charged an extra fee when paying with card?
t876,I keep checking my statements but nothing shows up! I requested a refund a long time ago but seems it's not reaching my account for some reason. Can you please help me get the money back from the seller for me
t877,I'm on holiday and I noticed a different amount for exchange rate.  Can you explain?
t878,I prefer Mastecard.
t879,What was the $1 charge for on my statement?
t880,Can I exchange from USD to GBP?
t881,"The past few times I've been to the ATM, I was charged a withdrawal fee. Have your policies changed regarding fees?"
t882,Why am I unable verify my id?
t883,What retailers accept my card?
t884,"Hello, I recently ordered an item and I need help with cancelling and processing a refund as soon as possible. It's very important that I get my refund quickly."
t885,how long does delivery take?
t886,As far as courtries go which ones are supported?
t887,"My transaction history is looking a little off. I have been charged twice for multiple different purchases, and would like to have those duplicate charges refunded."
t888,I need to know where do my funds come from
t889,Do I need to do something to get a new card once it expires?
t890,There is a transaction showing in my app that I did not make as I have not used that card all day.  Please reimburse this amount to my account.
t891,Why has my payment been declined? I paid by card.
t892,How do I make my top up complete?
t893,"Hi, there is a suspicious payment from my card. I definitely do not know who this is or who could have made this payment."
t894,Why do I see an extra fee on my statement?
t895,The ATM didn't give me enough money! I asked for more than it gave. What do I do?
t896,I'm having trouble with proving my identity.
t897,I was only given $20 when I tried to get $100
t898,My account isn't showing the refund
t899,Do you have a limit for someone's age?
t900,I sent money to my family last Friday but they don't have it.
t901,"I just got my new card, how do I activate it?"
t902,i need help. I updated my balance with a check yesterday and Im not seeing it. Can you look at my account to see what went wrong?
t903,Can I choose between Visa and Mastercard?
t904,What is the most I can top-up?
t905,what are you going to use my identification details for?
t906,Whats the minimum age to have an account
t907,"I'm waiting for a transfer from the US, how much longer?"
t908,Can you tell me more info about virtual disposable cards?
t909,Tell me how I can verify a card top-up.
t910,How do I go about unlocking a pin?
t911,"I did not get my virtual card yet, Why?"
t912,What are the requirements to verify my identity?
t913,How long does it take for cards to be delivered after ordering them?
t914,When I tried to pay in a store my card din't work
t915,after i got married i need to change my name
t916,"I see in the app some cash was withdrawn, but it's not mine."
t917,I had transferred some money but the balance hasn't changed.
t918,I took out some cash from the ATM but it is still showing the transaction is pending.
t919,There has been a red flag on my top up.
t920,Why didn't my transfer work?
t921,"i accidentally entered in my retailers information, what should i do next"
t922,I'm expecting a refund but it's no where to be seen
t923,I was charged a fee for a transfer.
t924,They said I would get a refund but I don't see it on my statement.
t925,"If I were to transfer, what would the cost be?"
t926,Please provide me a list of ATMs that accept my card.
t927,Can I have my money refunded for an item
t928,Why wouldn't the ATM give me my money?
t929,Do I need any kind of proof for the identity check?
t930,I think my card is lost.  What do I do?
t931,What currencies can I exchange?
t932,Help me. My transfer was declined. How could this happen?
t933,I would like to know where my source of funds came from.
t934,"I want to get rid of the account, and delete personal information ."
t935,"Hi. About two hours ago I made a transfer from my bank which is in the UK, but I don't see it yet! Would you check what's going on with it, please?"
t936,Do you offer disposable virtual cards too?
t937,My account shows up as pending after I received cash from the ATM earlier.  How can this be still pending? I've got the cash already.
t938,What's the reason for needing to verify my identity?
t939,Can you explain to me why a cash withdrawal shows up as pending?
t940,Where are cards available to order?
t941,My top up did not go through yet.
t942,I got some items this morning but the payment says pending
t943,What is needed for the identity verification?
t944,"I need multiple cards per day, and they all have to be disposable."
t945,Why did my top-up not get approved this time?
t946,Card payment has be declined.
t947,I received the wrong amount of cash.
t948,Where is the option to top up with a cheque?
t949,I see a fee that I think was charged because I paid by card.
t950,How can I verify my source of funds?
t951,How is my card payment still pending?
t952,My card hasn't came in the mail yet?
t953,My identity can't be verified for some reason
t954,Why was I charged a fee for using my card
t955,I answered so many questions about my identity. Why do you need this info?
t956,How can I fix this?  There is a double charge on my account.
t957,What type of card can I use to top up?
t958,Where do I find how to top off with a check?
t959,How long does it take to prove my identity?
t960,Are there specific ATM's that I can draw money from?
t961,"I just got a new card, and I want to know how to activate."
t962,I have one other credit card from the US. Do you take it?
t963,What went wrong when I tried to do my transfer?
t964,Can I keep using my card after it expires?
t965,How can I find out the source of my available cash?
t966,"Hi, I am new to this. Are there any additional fees or charges that I should be aware of? I was looking through the app and I thought I saw something in regards to fee-free allowances."
t967,A withdraw I tried to make at the ATM was declined I don't know why.
t968,Where is my recent refund in the my statement?
t969,Will there be extra charges regarding to adding money into my international card?
t970,When will I have access to my pin number?
t971,I cannot tell what my top up currently is.
t972,Is there a reason my top-up has been cancelled?
t973,My phone is at the hotel.  How can I use the app?
t974,Can I use a check to top up?
t975,I need to cancel a transaction immediately.
t976,My card payment is showing pending however this transaction was a couple of days ago. Is there a reason why it it still pending?
t977,"I think someone saw my PIN and I am on vacation in Spain, can I change it locally at an ATM?"
t978,A payment is pending
t979,I don't see the transaction I made to a friend on my account.
t980,My card was eaten by the cash machine what do I do?
t981,I lost my phone! Will my card still work?
t982,"I desperately need to transfer something from China, Please give me the wait time."
t983,I use my card internationally to manage payments and I just noticed that you are adding additional fees.  Why?  I am a good customer and this has me thinking about leaving.
t984,How long will my transfer stay pending?
t985,"I have a disposable card, how many transactions can I make?"
t986,What cards and currencies can I use to top up my account?
t987,Why did my transfer get declined?
t988,Do I need to order a new card before it expires?
t989,I've been waiting for over an hour for a top up to go through.  How long is this supposed to take?  I really need this money.
t990,When I received my cash; they had my exchange rate incorrect.
t991,Is my account accessible even though my verification of my identity has not passed yet?
t992,There is an urgent thing that I need to transfer from China. Approximately how long will it take?
t993,The rate of exchange for my cash withdrawal is wrong.
t994,I just got an error message saying my transfer is not possible? Why is that? I've transferred money before and it worked without problem
t995,Will I be able to top up by cheque?
t996,I was wondering if I could get a second card on this account? I would like my daughter to have one.
t997,What are the cards and currencies that you support?
t998,Can you tell me how I go about activating a new card?
t999,I just saw a fee on my account. When do these get charged?
t1000,"I cannot find my phone, what should I do?"
t1001,Did a card payment that I made get cancelled?
t1002,What if my top up doesn't go through?
t1003,Is it possible to dispute a debit payment from a couple of months ago.
t1004,Can I use the apple watch to make a top-up?
t1005,How limited is a virtual card?
t1006,"I needed cash today, so I used another provider's ATM, and when I attempted to withdraw, it declined. I just checked it out and I'm still showing my account with that amount pending! I didn't take any money out, it was declined, so I don't want that to be processed as a withdrawal."
t1007,How do I order another card?
t1008,Do i need to verify my top up?
t1009,virtual card won't work for me
t1010,How does it work when I transfer money into my account?
t1011,€1 was in my statement as an extra fee.
t1012,"Hi, I am currently in the process of buying a flat and I am waiting for the mortgage to go through but it keeps showing up as an error.  Do you know what could be causing this and can you help me get the money over."
t1013,I entered a wrong PIN too many times. How can I fix this?
t1014,Why didn't I receive the right amount of cash at the ATM?
t1015,Is there a way to order a new card while in China?
t1016,I see a direct debit transaction that I didn't make.
t1017,Has my card been lost in delivery?
t1018,I need help fixing my contactless. It's not working anywhere I go today.
t1019,Where do we mail the card?
t1020,Let me know when I get charged extra for payments. I saw on the app a fee I wasn't forewarned about.
t1021,Can I withdraw money in my hometown currency while on holiday without any additional fees?
t1022,Can I use any card and currency?
t1023,Will you charge me for exchanging foreign currencies?
t1024,What factors effect the exchange rate?
t1025,The exchange rate for foreign ATM currency is wrong.
t1026,I see my transfer was declined.
t1027,I am having problems with a top-up.
t1028,Why do you have the identity check
t1029,Can you tell me what I need to do for the identity check process?
t1030,What do I do?  The ATM took my card!
t1031,Is there a money transfer fee?
t1032,I need you to delete my account right now.
t1033,My card couldn't pay in a shop.
t1034,Are cards from the US accepted?
t1035,"If my card expires next month, will I need to order a new one?"
t1036,Is it possible to get a card when i'm not in the UK?
t1037,There is a single payment on my card which shows as pending.
t1038,How do I know what exchange rate I will get?
t1039,Where can I edit personal details?
t1040,My card hasn't arrived in the mail yet. I ordered it two weeks ago. What can I do?
t1041,A foreign purchase I made has the incorrect rate applied to it.
t1042,"Where can I find out the fee structure for my account? I have been charged fees for some transactions, but not for other ones. I can't find a pattern in these fees."
t1043,"Someone has copied my card. I have my card with me, but someone just made a 500£ cash withdrawal. Please help now."
t1044,"I want to reactivate my card, I thought I had lost it but found it again in my jacket this morning."
t1045,Can I select my card scheme or do you choose it for me?
t1046,I need to change my address in the personal details.
t1047,"I want to link to my card card with you, how?"
t1048,I don't recognise a Direct Debit payment
t1049,What's wrong with my ID? I can't verify it.
t1050,Someone has been using my card. There are unfamiliar transactions on there. Can you freeze the card to keep this from happening?
t1051,Where can I find a Mastercard ATM?
t1052,Is there an automatic top up feature?
t1053,What's the top-up limit?
t1054,I would like to be assisted with the activation of my card.
t1055,You can use it anywhere that accepts Mastercard.
t1056,My top up card needs verification and I don't know how to do it
t1057,An ATM machine didn't give me back my card.
t1058,Are these cards available in europe?
t1059,I want to top up my account. Can I do it with Google Pay?
t1060,I deposited cash but it isn't showing up in my account
t1061,"I Submitted a cheque couple of days ago, nothing happened to my account yet.What could be the possible issue?"
t1062,Is there an extra fee to exchange currencies?
t1063,Can I exchange currency to Europe?
t1064,"HI,Accordingly you offer crypto top up but it doesn't seem to be working? Money just disappeared from my account.What should be done now?"
t1065,If my card becomes expired what can I do?
t1066,I have an odd payment in my statement
t1067,is there a limit on top ups
t1068,how do i see what i transferred
t1069,"I'm interested in holding and exchange for flat currencies, what do you support?"
t1070,I want to take some funds from my other bank account and add them to this one.
t1071,when does my balance update for a transfer
t1072,Would I be charged any fees if I added money to my account using an international card?
t1073,What caused my transfer to fail?
t1074,How can I deposit money to my account?
t1075,why am I being charged a fee for transferring money ?
t1076,Is there a way to use a cheque to top up my account?
t1077,Is it possible for me to track the card is was mailed to me?
t1078,"So, I see a strange fee that I've never seen before after making an online purchase from abroad. I was under the impression transfers could be made for free. I don't think this seems fair."
t1079,Does it cost me anything to top up my account via bank transfer?
t1080,Can you tell me the countries you provide support for.
t1081,My payment came back for something i'm trying to buy online? it's been doing it for two weeks.  do you know what the issue is?
t1082,"I have been doing some online shopping, but when checking out, it keeps getting declined. I tried a few times and it wouldn't work. What could be wrong?"
t1083,My card is about to expired what will happen?
t1084,"I made a transfer and the receiver did not get the right amount its lesser than what it should be,Now I have to transfer more money to make up for the missing amount . Can you please help me about this, what should be done"
t1085,"Can you help me with my card, I think it's broke."
t1086,I want a refund on this.
t1087,Show me how to look at the source of my current funds?
t1088,"Hi, I'm trying to purchase a flat and I'm needing the first payment for the mortgage to go through on the flat I'm trying to buy. For some reason I keep getting an error.can you assist in making this transfer? What is going on?"
t1089,My statement has not shown my refund.
t1090,It seems I need to get information on limits for top-ups.
t1091,"I Withdrew cash from an ATM earlier but it shows up as pending in the app. How can this still be pending, I received the cash already?"
t1092,How do I edit the personal details on my account?
t1093,I received a different amount of cash than what I entered.
t1094,I recently deposited a cheque and cannot find the cash from it.
t1095,I would like to top up my account automatically. How do I do that?
t1096,What kinds of cards can I use to top up?
t1097,Is there any fees for top ups?
t1098,How long does a transfer take?
t1099,How can I change my name because I just got married?
t1100,"i am express delivering my card to the us, how long will that take"
t1101,Where'd the rest of my cash go from the ATM
t1102,Please send my refund now.
t1103,Transfer isn't working?
t1104,"The service here is horrible, I want to delete my account."
t1105,The disposable cards - what are they for?
t1106,My card payment was cancelled.  Why?
t1107,Why are you not accepting my transfer!! I've tried a couple times already now and it just keeps showing an error message
t1108,Is my daughter eligible to open an account?
t1109,Can I update my details?
t1110,"I tried to access money earlier but the machine seems not to be working. After looking, the transaction actually shows to still being process. Can you find out what is going on here? I don't want to be charged for some money I never got."
t1111,How do I use my card to top up?
t1112,"My Bank is in Europe, how long will the transfer take?"
t1113,Why was I unable to complete my transfer?
t1114,Where do I activate my card?
t1115,My card hasn't been working for even small transactions today.
t1116,"Need a new card, mine is expiring."
t1117,Can you tell me why my credit card was declined while trying to top-up?
t1118,I thought I would have received my new card at this point.
t1119,"I did a bank transfer to top up, but the money is not available."
t1120,What kind of cards an currency do you support?
t1121,Can this card be used at all ATMs?
t1122,I cannot get my disposable virtual card to work
t1123,I sent you a cheque a few days ago and I noticed that nothing has happened yet. Can you tell me the status of my cheque please?
t1124,Why has my withdrawal not posted?
t1125,I would like to cancel a transfer...is this possible?
t1126,Why was my account assessed a fee?
t1127,i have a pending top-up
t1128,"For SEPA transfers, what kind of charge will be applied?"
t1129,I want to activate the card.
t1130,Please help me with my card payments which keeps getting reverted whenever i do online shopping. I am having this problem since last two weeks.
t1131,"My top up hasn't gone through yet, why?"
t1132,Transfer could not be completed due to being declined.
t1133,An extra fee of €1 was in my statement
t1134,Can I top-up by cheque?
t1135,My card was declined at a restaurant today and I am not sure why.
t1136,Is it possible for me to top up with cash?
t1137,can you express my card to me?
t1138,"It seems you keep declining my transfers. Before, it's always worked very well.Just now when I tried to buy something the card was declined. I tried more than once and it was the same thing each time."
t1139,May I get one of your cards?  I live in the EU.
t1140,"Hello I am unable to exchange the crypto currency through the app, i am very keen to buy. Please let me know the issue.    interested buying crypto currency but i am unable to purchase it through the application,i do want to do the exchange, Could you please let me know what is the problem?"
t1141,Can I get a full list of instructions for identity checks?
t1142,Does it matter if I use Visa or Mastercard?
t1143,"You will hear back from us about your verification results in 10 minutes to a one hour timeframe.  If these verification results do fail, please double-check to make sure your images are clear and have no glare or blur; your photos need to be fully readable.  You need to be 18 years of age or older and a resident of Switzerland or the European Economic Area to create an account."
t1144,Why am I still waiting for my refund
t1145,My top up has failed
t1146,What services can I use to top up?
t1147,I bought something this morning and the payment is still pending
t1148,Which currencies will you exchange?
t1149,how long does it take for a transfer to arrive
t1150,How many top-ups am I allowed to do?
t1151,Can I use my account before the identity verification is complete?
t1152,I can't get my card out of the ATM
t1153,"May monthly payment to Apple has been declined but I don't know why, they are going to re-try the payment and it must go through, can you tell me what is going on please?"
t1154,I have a fee and I don't know why
t1155,What is this fee debit on my account?
t1156,I tried to make a payment with my card and it was declined. Why is it pending?
t1157,why did my account decline a incoming transfer
t1158,I forgot my password to get into the app!
t1159,Do you charge for making a withdrawal? I took some money out of my account earlier and I was charged for this.
t1160,My cash transaction isn't showing on my receipt
t1161,My money disappeared! Please help??
t1162,I am not sure where my phone is.
t1163,I still want to use my account but haven't verified is that OK?
t1164,Please help!  I was mugged and everything stolen.  What do I do to stop them from accessing my account?
t1165,My card has not come in the mail yet.
t1166,"What do I do with my ""decline"" message on a transfer?"
t1167,There's an error with the rate that is charged.
t1168,Why would I need a disposable card?
t1169,"My card was lost on vacation, I don't know where it is. Can you help me take care of this immediately?"
t1170,Is there a reason why my virtual card won't work?
t1171,Can I use your app to exchange between USD and GBP
t1172,"hey, I think someone stole my card numbers. There is a purchase showing up on my app from a store pretty far away from me.. I really need that money back to pay my rent."
t1173,Is it possible to delete the account?
t1174,My phone was stolen! What do I need to do?
t1175,"I haven't received my transfer funds yet, where are they?"
t1176,What do I do about a debit on my account that I didn't make?
t1177,"I've been waiting for 3 days, why is my withdrawal still pending?"
t1178,"Unable to complete transfer, states 'declined'"
t1179,I saw I was charged extra for money I withdrew?
t1180,What kind of money can I hold?
t1181,Why hasn't my payment shown up yet?
t1182,Does the fee for exchange change?
t1183,Why would my payment for my card show as pending?
t1184,I want a new card
t1185,I am unable to use my card.
t1186,I can't seem to figure out why my transfers are getting declined.
t1187,My card hasn't shown up yet.
t1188,how to get new card after atm eats it
t1189,"Someone has a copy of my card. I have my card with me, but someone just made a 500£ cash withdrawal. Help me."
t1190,What do I do to exchange currency?
t1191,"Hi, I am trying to buy something online, but i think there is some issue in my card. As payment is reverted. Please help me in this as i am facing the same issue from last two weeks."
t1192,Could you explain why my card payment did not work?
t1193,My payment did not go through because the app reverted it
t1194,I couldn't make a transfer because it was declined
t1195,"I have a US credit card, will you accept it?"
t1196,You operate in which countries?
t1197,How do I know when my card will expire?
t1198,I used my card to top-up but the money is gone!
t1199,Tell me why my card payment has been declined.
t1200,"I received my card, how do I get it to show in the app?"
t1201,"I got a message saying I made a withdrawal from the bank machine, but I did not."
t1202,What is the exchange rate for EUR?
t1203,I used an ATM and there was an extra charge.
t1204,How do I go through the identity checks?
t1205,What is the estimated date for delivery to US?
t1206,Can I top up my balance with a cheque?
t1207,How can I use my credit card to transfer money?
t1208,Please explain why my transfer attempt was declined. Thank you.
t1209,I have to verify my identity. What do I need to do?
t1210,My top up didn't go through
t1211,How long should it take for my new card to arrive in them mail? What should I do if I never receive it?
t1212,I have a second credit card from the US. Will you take it?
t1213,The ATM sucked my card in.
t1214,"My PIN has been blocked, what should I do?"
t1215,"Hi, I am on vacation in Spain and someone stole my bag with my phone and wallet with cards and everything. Can you block it ASAP and then I want to order a new one also ASAP."
t1216,Help! I need to cancel a transaction.
t1217,I must change my address.
t1218,I would like to get an account for my child.
t1219,"Hello, I tried to take out some money out of the ATM, but it's still showing that it's pending? I really don't want to be charged for this."
t1220,Does this app exchange currencies?
t1221,Where would I find top up by cash deposit?
t1222,How to a go about ordering a disposable virtual card?
t1223,What do I do when a charge has been made that I did not make?
t1224,Why isn't this accepting my identity?
t1225,"The disposable cards, what are they for?"
t1226,I have a charge I did not make.
t1227,Why haven't I received my new card yet?
t1228,"Hi, I have an apple watch. How do I use it to top up my card?"
t1229,think someone is using my card with permission
t1230,What is the cost for currency exchanges?
t1231,Why won't you let me name X as a beneficiary?
t1232,The amount of cash I selected to withdraw is different than what I received.
t1233,Is there a longer processing time for international bank transfers?
t1234,Hi! What documents can I use to verify my identity?
t1235,I just had my card get declined at the ATM! I need to get money out but I am unable to.  Why has this happened?
t1236,Tell me how to delete my account.
t1237,How long should a cheque deposit take to show? My account hasn't updated and I want to make sure everything is okay.
t1238,"I think that someone may be using my card, but I'm not sure,."
t1239,"I think my card is broken or something. I tried using it and it wouldn't go through, please help."
t1240,What type of ID do you accept?
t1241,Do I have a say when it's delivered?
t1242,How can I link the new card?
t1243,I lost track of my card
t1244,"My PIN is not working, can you help?"
t1245,"Hi, I just looked at my card transactions and saw that I've been charged twice for a restaurant I went to this week. Can you remove the double charge, please?"
t1246,Why can't I take cash out of the ATM?
t1247,Problem verifying my account
t1248,how do I link an old card?
t1249,Can I hold more than one currency?
t1250,The payment on my card shows as pending.
t1251,"I couldn't transfer money to my bank, why not?"
t1252,Please tell me about disposable cards.
t1253,Does your app allow currency exchanges between USD and GBP?
t1254,I have cancelled payments to this card.
t1255,I am unable to get cash from the ATM
t1256,How do I start an exchange between GBP and AUD?
t1257,"that fee should not be there, you charged my cash for an unnecessary thing."
t1258,What is the youngest age for an account?
t1259,"If I want to topup by card, how do I do it?"
t1260,"Last Saturday, I was charged extra for the exchange rate on my payment. Is something wrong?"
t1261,What forms of payment do you accept?
t1262,Could you assist me in finding my lost card?
t1263,My top-up didn't go through; it still says pending. What's up with that?
t1264,I can't find my PIN anywhere.
t1265,When should I expect my card to arrive?
t1266,Should I order a new card before I freeze my original one?
t1267,Can you please explain how to transfer money using the bank transfer process?
t1268,I need a list of currencies you accept for exchange.
t1269,What should I do if someone stole my phone?
t1270,I was the victim of someone stealing my wallet.  My card is being used and it isn't me.  What should I do?
t1271,I was unaware of the additional charge that was added onto my previous payment. A notification of extra charges would be appreciated in the future.
t1272,How will I receive my PIN?
t1273,Do I have to use bank approved ATM's
t1274,"I got a new card, how do I link it?"
t1275,What documents are required for proof of identity?
t1276,What is the fee charged for using my card?
t1277,I don't see the verification code for my card transfer.
t1278,How do i activate my card
t1279,My cash withdrawal shows as pending still.
t1280,what is the matter?
t1281,The app doesn't think it's me.
t1282,Tell me where I can find the auto top up feature and a little bit about it please.
t1283,I received the wrong amount of cash back
t1284,Please give me a Mastercard instead.
t1285,What currency can I use to pay for a top up?
t1286,Do you know how I can verify that I did a top-up to my card?
t1287,My account is depleted. Can I transfer funds from another bank?
t1288,I got my card a few days ago but am unable to top up. I'm thinking about closing my account because of this. What is going on?
t1289,I think youre system may be broken because I have tried transfer money 5x and it isnt working!  I'm not doing anything complicated it is what I usually do.
t1290,Why is there a charged fee for debit or credit card payment?
t1291,How old do you need to be to use the banks services?
t1292,Where is my last money transaction
t1293,Is it possible to have a second card?
t1294,I've made a card payment a couple of days ago now but it looks like the money is stuck. How long does it typically take for the payment to go through?
t1295,"When using my card I was charged a fee for doing so, why?"
t1296,I transferred money and it hasn't come yet
t1297,How do I get my card to work?
t1298,I would like to receive a refund for something I bought.
t1299,Someone that I had to send money to told me that they didn't receive the full amount I sent them - can you look into this?
t1300,What is minimum age for an account?
t1301,I'm still waiting on a payment
t1302,Can I make transfers before my identity verification?
t1303,My transfer to a beneficiary was rejected.
t1304,Why has my payment been reversed?
t1305,"I want to reactivate my card, I thought I had lost it but found it again this morning."
t1306,"my cash withdrawal is pending, why?"
t1307,What does pending mean on a cash withdrawal?
t1308,will you be able to activate my card
t1309,"No transactions are being accepted, what's wrong with my card?"
t1310,My card is about to expire.  Where do I get a new one.
t1311,"Hello, a few days ago I transferred my rent check to my landlord, however, he is saying that it has not gone though. On my end everything looks fine and I double checked the account number. Is there anything else that could be holding up the check?"
t1312,My card is showing multiple charges for the same items on my recent statement. I was wondering what actions of needed to take to fix this issue
t1313,My money I had was gone and I could not get gas!
t1314,why did i get declined transfer
t1315,Is there a disposable virtual card?
t1316,How long before transferred money shows up?
t1317,I made a transfer from France a couple days ago and don't see the transaction yet. How long does an international transfer take?
t1318,My card is missing.
t1319,Could you please tell me why my purchases from this morning say payment is pending?
t1320,"Something is wrong, my top-up is gone and I don't know what happened to my money."
t1321,"
I can't seem to be able to use my card


"
t1322,"I found my card that I thought I had lost, I need to reactive it, please help."
t1323,Can I add money automatically to my account while traveling?
t1324,I got some cash in the ATM but its still pending
t1325,I haven't received my pin
t1326,"I do not like this, I made a simple transfer but I have an additional charge for doing so."
t1327,How do I verify the top-up card?
t1328,I have a transaction showing up multiple times.
t1329,How can I Use thereto-top option?
t1330,For topping-up is there a charge?
t1331,My money hasn't been transferred yet.
t1332,What are the countries you support.
t1333,How do I add a new card?
t1334,Can the card was sen to me be tracked?
t1335,My card gets rejected when I try to use it
t1336,How do I link my card in the app.
t1337,I did a transaction this morning and now I want to cancel it.
t1338,How do I top up using my card?
t1339,"I think something is wrong with your top up.  I've been waiting a little over an hour for this to go through, can you send it through for me?"
t1340,"I was told that withdrawing cash from the ATM is free, but I'm charged a fee. Why is this?"
t1341,What kind of fee is there to top-up my account?
t1342,"the product is not working, can I get a refund?"
t1343,I have no idea why but my transfers keep getting declined. I have double checked all the recipient details several times already and they're definitely correct.
t1344,What does it mean when a cash withdrawal is pending?
t1345,My card no longer works.
t1346,Why do my transfers keep failing?
t1347,"I need to reset my passcode, this one isn't working"
t1348,The cash I asked for still hasn't been received
t1349,"My top up did not show up as shown and my money has disappeared, can you help me fix this glitch problem?"
t1350,Can I change my pin at an atm?
t1351,"I went to the store and tried to make a purchase.  The first time, it was declined, but the second one went through.  But my App shows me that I've already been charged once and the second charge is still pending.  Can you make sure that I'm not charged twice?"
t1352,I have been charged a fee for getting cash
t1353,"My card has an issue, the payment has been deferred."
t1354,What do I do if there is a direct debit on my account that shouldn't be there?
t1355,Can you help me transfer money into my friend's bank account? I tried to do it but it keeps rejecting me. I need to get the money in there asap. I have enough and all the account info is correct.
t1356,I have a fee showing from last time I used my card.
t1357,When will my cheque be processed?
t1358,What needs to be provided for identity verification?
t1359,How do I get a refund for an item I bought?
t1360,"There's a payment with my card that I definitely didn't do myself, never seen that name before."
t1361,My card is lost!  Please help me!
t1362,Does the top-up need verified?
t1363,I am looking to delete my account. I'm not happy with the service provided by you.
t1364,"Hello, i'd like to inform you of an issue i'm currently experiencing. The goods i have ordered from your website have still not arrived yet; it has been over 3 weeks. I would like to be issued a refund swiftly and be redirected to more competent people. Thank you for your assistance."
t1365,Could you tell me about the restrictions that are on the disposable cards?
t1366,Do I need to re-apply to order a new card when my old one's about to expire?
t1367,can i get a physical card online
t1368,Please tell me what the exchange fee is.
t1369,Why did I get a fee for getting cash?
t1370,How do I transfer money between two of my accounts?
t1371,I need to cancel a purchase that I made the other day.
t1372,What is the verification process used for?
t1373,"I have a strange transaction for £1 on my statement, what is that?"
t1374,When will my transfer move out of pending stage?
t1375,What exchange rate will I receive?
t1376,What currencies does google pay top up accept?
t1377,I think my card payment was cancelled. What happened?
t1378,I would like to alter my personal details.
t1379,Why won't my transfer to another account work?
t1380,What do I do if I completed a money transfer but the recipient hasn't received it?
t1381,What is the refund policy?
t1382,"I really wanted to buy something online but seems the card is not working as the payment suddenly came back! What's going on here, I've been trying for a good week or two."
t1383,I requested a refund from a merchant but don't see the money in my account.  Are you able to check with the merchant or process the refund manually?
t1384,My things were stolen and I need to know if I can still use this app.
t1385,"Help, I was charged twice!"
t1386,"Someone stole my phone, what is my next step?"
t1387,I just noticed my transfer was declined and I don't know why. Can you help me?
t1388,I withdrew cash and was charged. Why?
t1389,Is there a way to track my card?
t1390,I received less cash than the amount I specified in the ATM.
t1391,What do I need to do to get a card?
t1392,Is there any amount in which I would get cut off from topping up?
t1393,Why was my payment declined? I keep trying my card but it's not working.
t1394,Is my card lost? I am still waiting for it to be delivered.
t1395,"I just bought an item and would like to stop payment, is this possible?  The item has not been received yet."
t1396,Whats the transfer process
t1397,"I'm not sure what is going on here. I've received payment back into my account  for an item I've already received, from about 2 weeks ago."
t1398,I need to make my card PIN a different number
t1399,What currencies can I use?
t1400,I need some help now please! There are some transactions on my account that I do not remember purchasing. Can they be reversed? Can you please cancel or freeze my card so I don't keep getting charged?!
t1401,How can it be that my Card is not functioning anymore?
t1402,I am being charged a pound out of nowhere. What is this?
t1403,Which documents do I need for this identity check?
t1404,Is it right that I've been charged for transferring money?
t1405,Why hasn't payment gone through yet?
t1406,I did a money transaction and the recipient doesn't see it
t1407,What is the $1 transaction on my account?
t1408,Do you have a list of the cards and currencies supported?
t1409,Are there limits with top-up?
t1410,I messed up a transfer and need to reverse it.
t1411,What is the appropriate age for my child to be able to open an account?
t1412,Are there any discounts for frequent currency exchanges?
t1413,I got charged a service fee on my account. Can it be waived since I didn't know about it before?
t1414,"Hello. I bought an item a while ago, and have since requested a refund.  However, upon checking my online statements, it seems that I haven't been issued a refund yet.  How can this be remedied?"
t1415,I did not have the right exchange rate applied to my situation of pulling out cash
t1416,Where can I pay with my card?
t1417,Card refund is not showing up in my statement.
t1418,I checked my account today and saw that I was charged an extra pound that I did not spend.
t1419,When did I get a $1 extra fee on my statement?
t1420,I'm not happy with the services I'm getting with this company. Can you please delete my account?
t1421,Why would you cancel my transfer?
t1422,Can you help me retrieve my card?
t1423,"I asked for $40 and I only received $20, what happened?"
t1424,"I keep checking to see if I've received a refund that I requested from a seller, but I'm not seeing the refund. I need you to help me get the refund."
t1425,I have been travelling overseas and I need to change my PIN. Can you tell me how this is done?
t1426,I've changed my mind on an item.  How do I get a refund?
t1427,How many currencies can I have?
t1428,How do I contact customer support about my declined transfer?
t1429,I need help reapplying my top-up. It seems it isn't working.
t1430,"I used my card to top up, but the money is not there!"
t1431,Yesterday I had my phone stolen.  Please advise what I should do.
t1432,Is there a problem with your system being down or something? I have already tried 5 times to issue a standard transfer but I'm getting nowhere.
t1433,Tell me why my transfer was declined.
t1434,How can I edit my personal details in the app?
t1435,How dp i top up with a cheque ?
t1436,"I'm trying to move money from my account to elsewhere, but it's giving me an error message."
t1437,I got cash and the exchange rate should have been different than it ended up being.
t1438,"Hello, I made a payment with my card and it's not working. It's been a while and still says its pending. Can you tell when this will go through?"
t1439,"It's declining my transfers. Normally this works, but my card is being declined now and I've tried more than once."
t1440,I haven't received money from a transfer?
t1441,Why is top-up verified?
t1442,Why has transferring money resulted in a charge?
t1443,Cash withdrawal was incorrect at ATM.
t1444,I'm trying to purchase a flat but i need my first payment for my mortgage to go through first. I keep getting an error. I'm not sure what is going on but i need help making this transfer.
t1445,I have an outgoing transaction
t1446,I can't see my top up in my wallet!
t1447,Does the exchange rate change each day for purchases? There is a different rate on my purchase.
t1448,Are there steps to see where my funds come from?
t1449,How do I update my address?
t1450,How can I tell if an AMT will take this card?
t1451,Why did you revert my top-up?
t1452,When will I receive the card?
t1453,"On a card top-up, where can I verify?"
t1454,What needs to be done to activate and use a card?
t1455,Who do I call to activate my new card?
t1456,Can I do a SWIFT transfer?
t1457,How come I was charged an extra fee when paying with the card?
t1458,It's not letting me transfer money to my beneficiery.
t1459,Why is the exchange rate different on my recent purchase?
t1460,Am I allowed to change my PIN anywhere?
t1461,Any chance of getting the card outside the UK?
t1462,For what reason can I not transfer money to a beneficiary?
t1463,Can I choose my card scheme?
t1464,Do you limit my top-offs?
t1465,My refund is not showing.
t1466,There's a payment that isn't mine on my app
t1467,I'm having problems with ID verification
t1468,The ATM wouldn't allow me to withdraw money
t1469,I got a new address and need to change my information.
t1470,"There are a couple payments with my card shown in the app that i really didn't make myself. What's happenning with this, does someone has access to my card?!"
t1471,I had an unexpected fee
t1472,Is there a fee to order a physical card?
t1473,"Hello,  In my most recent ATM transaction, I didn't receive nearly as much cash as I thought I would - what is your exchange rate policy?"
t1474,Is there a way to order a virtual card on the website?
t1475,How do I initiated a bank transfer to top up?
t1476,What countries can I use my account in?
t1477,I need to move money to another beneficiary. Why is it not working?
t1478,What forms of ID work for verification?
t1479,what currencies can I receive my salary in with this?
t1480,"i am not a premium customer but i want a virtual card, how do i get it"
t1481,"My transfer is still pending, why?"
t1482,What transfer methods do you accept?
t1483,My card is about to expire. What do I need to do to keep using my card?
t1484,How much does a transfer cost?
t1485,Can you please tell me how long it takes for the transfer to be available.
t1486,I purchased something about one to two weeks ago but for some reason the payment was returned to my account today even though I've already received one of the items. Can you tell me what's going on?
t1487,"In the app, I see a withdrawal I didn't make."
t1488,"There is a fee for a transfer, please explain that to me."
t1489,What should I do if I think that someone might be using me card?
t1490,The ATM kept my card?
t1491,What is the extra fee I was charged when using an ATM?
t1492,I question today's exchange rate for rubles into pounds. I was hoping for a better return.
t1493,I'm not able to withdraw money from the ATM but I'm not sure why.
t1494,How come there is a duplicate charge on my card?
t1495,Can I add a card that I just found (again) to the app?
t1496,"I have checked my statements multiple times, but my refund that I requested a while back is not showing on my account. Is there a reason for this? Can I get some help getting my money back from this transaction?"
t1497,Can you issue both a Visa and a Mastercard to me?
t1498,My identity verification isn't working
t1499,Where does the exchange rate stand right now?
t1500,I need to transfer to my account and cant.
t1501,Recipient has not received the money
t1502,I was charged extra. Was the exchange rate for my payment last Saturday wrong?
t1503,When will my refund come through
t1504,I've been trying to make a transfer and it hasn't gone through. Now I am receiving an error message.  What is the problem?
t1505,I can't use my card because it is not working.
t1506,Where can I change my PIN?
t1507,"lost card found, want to put it back in app"
t1508,Why won't my top up go through?
t1509,How are your exchange rates calculated?
t1510,Is auto top up available?
t1511,Why was I not able to complete my transfer?
t1512,How do I change to a different currency?
t1513,When will my transfer post to my account?
t1514,The balance does not appear to have updated.
t1515,"I tried again to top up my card after doing it a couple days ago when it had worked. Now, it doesn't seem to be working. Can you tell me what the deal is here please?"
t1516,How will I know what the exchange rate is?
t1517,The wrong exchange rate was used when I purchased an item.
t1518,I live in Germany. Is that one of the countries you are in? What other countries are you in?
t1519,I must make a transfer from China and it is urgent. How long before the transfer is complete?
t1520,Why did withdrawing money cost me extra?
t1521,"I bought something while traveling, and the exchange rate was wrong."
t1522,Please sort your top up! My top up has been pending for an hour already. Can you please make it go through as soon as possible. I really need the money.
t1523,What was the extra charge for using my card?
t1524,I was declined when I tried to take out cash!
t1525,"I need to get a card, but I live in the US."
t1526,Where is the money I put in the bank?
t1527,When can I expect the transfer to be complete?
t1528,My phone has been lost or stolen
t1529,Will I get a Visa card or Mastercard?
t1530,How do I access the option to top up?
t1531,How recent do my documents need to be for verification?
t1532,I'd like more info on getting a virtual card.
t1533,Why did you decline my transfer?
t1534,Will I be charged to top off my account?
t1535,How long will it take to receive a virtual card?
t1536,"Would you be able to offer me a discount, since I need to exchange currencies frequently?"
t1537,Hi I'm sending some money over to an investment bank I do business and the transaction is being rejected. I'm not sure why as I think I have the right details.
t1538,The ATM stole my card!
t1539,I tried to get some money but the machine was not working .The transaction still seems in progress! Can you please check what's going on.I don't want to be charged for money that I did not received.
t1540,How can I close my account?
t1541,How much are the fees for adding funds using an international card?
t1542,"I purchased something and already received it, why hasn't the money taken out?"
t1543,i tried to do a transfer to an account but it didn't work
t1544,I bought an item at the wrong exchange rate.
t1545,"I have found my lost or stolen card, would I still have to activate the new card that was sent to me through the mail in order to access my account?"
t1546,"If my funds are running low, will the app top up automatically?"
t1547,Can I transfer my salary onto here?
t1548,The exchange rate from my card payment isn't right.
t1549,Are you Visa or Mastercard?
t1550,"I deposited some money, but the balance has not changed."
t1551,I need help from someone in your department with finding my nearest ATM.
t1552,I left my phone at the hotel I was staying at so I can't use the app!
t1553,Is it possible to order a card?
t1554,"Hello, I have a question concerning an unfamiliar fee that I notice on my account. I see that you guys charge for ATM withdrawal. Never notice this fee until now. Can you please explain?"
t1555,Will I be able to get both a visa and a mastercard?
t1556,Why isn't my disposable virtual card working?
t1557,My card don't work.
t1558,ATM withdrawal not working.
t1559,How do you do exchanges?
t1560,I want to cancel my account.
t1561,The app doesn't think that I am myself
t1562,How soon will my balance be updated to reflect my transfer?
t1563,What do I do if my Google pay top up isn't working?
t1564,do I need to verify my identity before I can use my card?
t1565,I made a transfer from my UK account a couple of hours ago.  Could you please make sure everything went alright.
t1566,Where can I go to get my PIN unblocked?
t1567,My cash withdrawal was declined.  Why?
t1568,How can I cancel a transfer I made
t1569,Does this app allow currencies to be exchanged?
t1570,Why is there a payment I didn't do?
t1571,My refund isn't showing up on my statement.
t1572,What should I do if my card doesn't work?
t1573,Send me my card now! ASAP
t1574,I want to transfer money using my credit card.
t1575,There's a duplicate charge on my account?
t1576,"I have made a withdraw from an ATM this last holiday, why is there such a high charge from this transaction?"
t1577,Why do I see extra charges for withdrawing my money?
t1578,What fees are charged for a physical card?
t1579,How come my refund hasn't appeared on my statement?
t1580,I think that the card is stolen.  What are my next steps?
t1581,I got cash abroad and the exchange rate applied is wrong
t1582,my transfer isn't there
t1583,Can you tell me whats going on with my card it seems to be not working?
t1584,I know there's an auto-top option but I can not locate it when I look?
t1585,When will my deposit be processed?
t1586,I didn't see the money I added to my card.
t1587,"I am traveling, what can I do to set up auto top-up?"
t1588,Someone might be using my card.  What should I do?
t1589,What are my payment options for topping off my account?
t1590,I need another card for a member of my family. Is this possible? How soon can I get one?
t1591,Why am I being charged for transfers? Are they not free?
t1592,I was charged an incorrect exchange rate for a withdrawal.
t1593,Why hasn't my refund been appiled to my account?
t1594,What is limit of disposable cards  I can make per day?
t1595,How do I receive a card?
t1596,What currencies can be exchanged in the app?
t1597,What's taking so long for this payment to go through?
t1598,why does my statement contain an extra fee?
t1599,Why would a merchant revert my payment?
t1600,I can't see the transfer that I put in.
t1601,How much longer do I have to wait until my transaction is complete? I transferred money to another country many hours ago and the transaction is still pending.
t1602,"I was abroad and needed some cash, but I think the wrong exchange rate was applied to the transaction."
t1603,What should I do if my physical card isn't working?
t1604,I exchange my currency quite a bit.  Do I get an exchange price break?
t1605,I don't think the charges made when I had currency exchanged are right.
t1606,If I top up using a European card is there a charge?
t1607,"I am having a slight problem with my American express in apple play, can you help me fix the problem with top up?"
t1608,I exchanged cash when traveling and the rate was incorrect.
t1609,I need to know where this charge is coming from?
t1610,I haven't received my virtual card.
t1611,How do I top up using my Apple Watch?
t1612,I didn't know I was going to get charged to use my card.
t1613,I received a fee I should not have.
t1614,"I am interested in giving a second card to my daughter, how can I make this happen?"
t1615,The app reverted after I topped-up
t1616,Why isn't my google pay top up working?
t1617,I could not access my money at the ATM
t1618,Are purchases returnable for full refund?
t1619,I notice there's a pending payment on my card.
t1620,Is the exchange rate the same on weekends as the weekdays?
t1621,Why is my last cheque deposit taking so long?
t1622,I made an ATM withdraw it didn't give me the amount I asked for but is showing a withdraw for that amount.
t1623,Will there be a charge for exchanging foreign currency?
t1624,I have a pending payment on my card.  Why?
t1625,Have a payment that I haven't done.
t1626,In what increments can I top-up my card?
t1627,What type of card will I receive?
t1628,We want to start a college fund for my daughter.
t1629,When will I get my card shipped to me?
t1630,How can I verify my top-up card?
t1631,how do I find the code to verify the top up card?
t1632,"My phone was stolen yesterday, can you help me with this?"
t1633,What can I do if my card details where stolen from my car? I think they used my card to buy gas.
t1634,do you have a fee for receiving a SEPA transfer?
t1635,I did not get the cash that is showing up in my app.
t1636,Why am I unable to withdraw my money through this card?
t1637,Why do you need to know so much about me for my account?
t1638,How long does it actually take for a card payment to go through? There's one stuck since a couple days already that doesn't seem to move
t1639,Please explain the extra fee when I paid with the card.
t1640,I need to be made aware when I am being charged an extra amount for payments please. I looked over the app earlier and noticed an additional feel related to one of the payments. I was not warned about this before.
t1641,"Someone stole my account, there's a withdrawal but it wasn't me, can we put a stop to it please?"
t1642,I have one other credit card from the US. Do you take that?
t1643,Where do I access the auto top-up function?
t1644,"I can't see if the transfer I did a couple days ago is in my account yet. I double checked my info before sending, too. Can you check this?"
t1645,How do I exchange currencies using the app?
t1646,Please list the countries you support.
t1647,A cash withdrawal that I didn't authorize is shown on my account - can you please cancel my card as soon as possible?
t1648,"What, if any, is the limit  for auto top-up?"
t1649,My top up isn't in my wallet.
t1650,Why is the cash transaction still showing as not completed?
t1651,Why is the exchange rate on my card payment different than I expected?
t1652,"Hi, I made a transfer yesterday that I need to reverse.  I need to put the money in a different account."
t1653,How do I go about getting a refund?
t1654,Is there a way I can check on the card on route to me?
t1655,In which countries does your app work
t1656,What is the top up code for?
t1657,I need more money in my account. Can I add more by transferring?
t1658,How long does it take for money to transfer?
t1659,Is there a charge for receiving money?
t1660,"My salary is in GBP, do I need to exchange it before putting it into my account?"
t1661,Can my children get an account?
t1662,My card payment has had the status of pending forever. What is the issue? It should have gone through at some point.
t1663,I have a pending money transfer
t1664,I cannot find my refund on my statement.
t1665,"I was out today looking forward to paying with my new card, turns out the payment kept getting declined. This is really sad, what's going on?"
t1666,Verify my source of funds?
t1667,I could not get money from an ATM
t1668,"If I want to be able to give my daughter a card for my account, would I be allowed to get one for her?"
t1669,How do I know where I can use my card?
t1670,"I need a second card, can I have more than one?"
t1671,Some cash withdrawal that I didn't make showed up in the app.
t1672,I'm on vacation in Europe but I desperately need to change my PIN. Can I do this from abroad?
t1673,How long do I have to wait for Europe transfers?
t1674,I was charged for the same thing twice
t1675,Why is this payment on my app
t1676,Which currencies do you accept for adding money?
t1677,What stipulations do disposable cards entail?
t1678,"I am not supposed to be charged a cash withdrawal fee, but I was."
t1679,Can it add money every so often automatically while I travel?
t1680,How long do I need to wait to see an update after I make a bank transfer?
t1681,"I'm having money transferred from Europe, how long will this take?"
t1682,Will you work with any fiat currencies?
t1683,"In my statement, there was an extra €1 fee"
t1684,What types of top-up methods do you accept?
t1685,There's a cash withdrawal that  didn't make that is showing up.
t1686,"How long do EU transfers take? I bought something online a couple days ago , sent the money immediately online but the seller says it is still not there yet"
t1687,How long does it take for a new purchase to stop being considered pending?
t1688,Where can the cards be delivered?
t1689,Why was I declined when I tried to get my money?
t1690,why was a extra fee added to my account for transfer ?
t1691,My card stopped working after multiple transactions. Why?
t1692,How was I charged extra when I used my card to pay?
t1693,My transfer didn't work! Help!
t1694,I needed cash from the ATM but I couldn't get it.
t1695,Where do I find a virtual card?
t1696,How come my transfer got declined
t1697,Why was I charged for a cash withdrawal at the ATM?
t1698,I need information explaining why my top-up failed to go through
t1699,Which US cards have top up charges?
t1700,"I did a cash deposit to my account, but I am not seeing it on my statement."
t1701,Which fiat currencies can I use through this app?
t1702,Why have I not gotten my new card?
t1703,My virtual card is just not going through.
t1704,Activate my card
t1705,how do you get exchange rates
t1706,I got an unexpected charge on my transfers. How can I correct this?
t1707,"I have to transfer money over to my mother, and I have tried numerous times and all that keeps happening is error messages."
t1708,Can I change my PIN in Austria?
t1709,Will I be charged for adding money using an international card?
t1710,Could you please tell me how to activate my new card?
t1711,I have a new email.
t1712,I haven't received my cash yet.
t1713,I received my salary in the wrong currency. How do I change this?
t1714,Why hasn't my in country transfer gone through yet? I confirmed the account info a couple days ago but the payment hasn't been posted yet.
t1715,can i go into my app to find my pin
t1716,Is it possible to change my pin if i am out of the country?
t1717,I'm not able to activate my card how do I fix this problem?
t1718,Why has my transfer been declined?
t1719,Can I specify a day for my card to be delivered?
t1720,I got less cash than what I specified at the ATM.
t1721,What am I going to need in order to verify my identity?
t1722,My source of funds need verification.
t1723,Are you only able to get a card if you're in the UK?
t1724,Where can I get a new passcode?
t1725,how long will my cash withdrawal be pending for?
t1726,The exchange rate you are using is really bad.This can't be the official interbank exchange rate.
t1727,I have an unfamiliar direct debit in my statement.
t1728,I lost my passcode.
t1729,How do I auto top-up?
t1730,"I requested a refund from a merchant a while ago, and upon repeatedly checking my statement, the merchant has yet to refund me my money.  I don't know what's going on, or why the money is getting into my account--could you please help?"
t1731,I requested a higher amount for my cash withdrawal
t1732,Do you convert to Euro?
t1733,"What does it mean when a transfer is ""pending""?"
t1734,I have a top-up that's still pending and wanted to know about it.
t1735,"There are incorrect charges on my account, there was a WD that was made by someone else.  I still have my card though."
t1736,"I was out today looking forward to paying with my new card, but the payment just kept getting declined. This is really sad, what's going on?"
t1737,I'm not sure where my phone is.  Can someone else use the app?
t1738,I just looked over my statement and I don't recognize the name of a card payment.
t1739,need to exchange currencies
t1740,I have a question regarding the PIN of the card?
t1741,"I prefer Visa, can I get that instead?"
t1742,My card payment has been cancelled
t1743,I wasn't allowed to transfer to my account
t1744,where can i located the auto top up function?
t1745,"My salary is received in the form of GBP. Is it necessary to configure this? If so, where is this done?"
t1746,What is the procedure for activating this card?
t1747,What are your exchange rates calculated from?
t1748,There are funds in my app that I did not receive.
t1749,What is the wait time until money reaches my account?
t1750,My identity verification is not working.
t1751,I'm worried that my card has been compromised because I see a payment that I didn't make.
t1752,I used this account a lot during the last month to manage my payments for my new place abroad. Seems that suddenly fees have increased? Shouldn't you instead reward your frequent customers instead of putting an additional fee suddenly?!
t1753,My preference is Mastercard.
t1754,Is there a specific date it can be delivered by?
t1755,Is it possible to use my apple watch for topping up?
t1756,"Hi, In morning, i was trying to withdraw money from my card, but it got declined. So far it was working fine. Could you please check my card."
t1757,Is the verification number on the top up card
t1758,There's a cash withdrawal I am certain I did not make
t1759,Help me.  My phone has been lost or stolen!
t1760,How do I fix a broken card?
t1761,I deposited a cheque but I don't see the funds in my account.
t1762,Someone took my card without permission
t1763,Can I exchange currency for different types?
t1764,Are cards delivered to my location?
t1765,Do you also have this extra fee on your statement?
t1766,I made a payment but the app cancelled it.
t1767,I can use this card at which ATMs?
t1768,how do i find top up for cash deposit
t1769,"If I were to use a European bank card for a top up, will I incur a charge?"
t1770,What do I do if I find a debit charge that I know I didn't do in my billing statement?
t1771,passcode retrieval
t1772,why are all my identity details required
t1773,"I need to transfer money into my account, HOW?"
t1774,I wanted to know why i got an additional fee when i use my card.
t1775,"How do I close my account, since I'm dissatisfied?"
t1776,Why isn't the transferred money there?
t1777,"I have done a transfer within the country the day before yesterday, but it's still not there yet. Can you please check what's going on with that, the account number is the right one, I've checked that several times already."
t1778,I'm waiting for my transaction to complete.
t1779,What do I need to do for a refund?
t1780,Why hasn't my ID been verified?
t1781,How can I convert currencies?
t1782,How can I get my PIN unblocked?
t1783,Why does my statement show an extra fee?
t1784,Why doesn't the person I sent money to see that transfer yet?
t1785,I need clarity on why my card is not working.
t1786,Why can't I transfer money to a beneficiary
t1787,I cannot use my PIN.
t1788,Can I link my card I previously received?
t1789,Do international transfers take longer?? I made a transfer from France 2 days ago but it's still not there yet...
t1790,I believe my top up has failed
t1791,What are the steps for identity checks?
t1792,I would like to know what your exchange rates are.
t1793,Why has my card been declined?
t1794,What should I do about a direct debit that I did not set up?
t1795,"While doing a transfer, it says declined."
t1796,How long will it take for the cash I deposited this morning to show up?
t1797,How can I exchange currencies in the app?
t1798,When will the check I deposited post to my account?
t1799,I deposited cash into my account and I'm having trouble seeing it on my account.
t1800,Why was there an extra charge because I used my card to pay?
t1801,"My card still hasn't arrived after two weeks, now what?"
t1802,"I'd rather not use my physical card, how can I get a virtual card?"
t1803,I transferred some money but the balance stayed the same.
t1804,Why is it showing that my account has been charged a dollar that is showing as pending?
t1805,Why am I being charged for the same thing twice?
t1806,Why is there an unknown card payment?
t1807,Tell me why there is an extra charge when I used an ATM?
t1808,My last ATM request did not go through due to a declined card. Please cancel the request on my account.
t1809,What to do if my physical card is not working?
t1810,I need to renew a card that's about to expire
t1811,I need help making this transfer. I keep getting an error. I'm trying to purchase a flat but i need my mortgage payment to go through first. Can you help?
t1812,Is there a reason that my top-up is still pending?
t1813,Can you tell me the ATMs I can use with my card?
t1814,My purchases from this morning still have pending payments.
t1815,What kind of security protects my money?
t1816,Will you charge for a physical card?
t1817,How do I get a PIN?
t1818,Please cancel the latest ATM charge on my card as my card was declined earlier today and I did not receive that cash.
t1819,When will I get my money? It's been too long.
t1820,why has a cash withdrawal charged me?
t1821,I bought something online a week ago and i never got it in the mail.Can I just get my money back now I don't want to keep waiting on something that isn't going to show up.
t1822,I need to cancel my recent transfer quickly since I made a mistake. Please help before it goes through.
t1823,How long will a transfer from Europe take?
t1824,How can I top up with Apple Pay?
t1825,There was a direct debit from my account and I didn't authorise it
t1826,Is there a charge for getting cash?
t1827,Yesterday my phone was stolen from me :( What do i need to do about it?
t1828,I tried to use my disposable virtual card to pay a subscription to the gym and it got rejected. Any ideas why?
t1829,Is there any way to cancel a recent transfer?  I did not mean to make it and need to make sure it does not go through.
t1830,"Please help me in this, as i was unable to make any payment by my new card,  it was getting declined repeatedly. I am not very happy with this incident."
t1831,I would like to delete my account. I'm not happy with the service you're providing
t1832,Can I exchange my money for EUR?
t1833,"When will I get a new card when I order it, and how much will it cost."
t1834,"I have made 5 attempts to make a very standard survey, yet I can't get it to work. What is the problem? Is there an issue related to your system?"
t1835,Please give me both a visa and a mastercard.
t1836,I deposited a cheque a week ago but have yet to receive the cash.
t1837,is there a way to do automatic top up
t1838,It is listed in my app that I made a payment which I did not actually make
t1839,Is the cash withdrawal going to show?
t1840,How can people transfer money to me?
t1841,Which fiat currencies are supported for holding and exchanging?
t1842,Can I deposit money using Apple Pay?
t1843,There was an extra fee when I was at the ATM.  Why?
t1844,How long is delivery to the US?
t1845,Can turn my money into another currency?
t1846,How much is it to send out additional cards?
t1847,"While getting cash, I was charged a fee."
t1848,From which age can my kids use your service?
t1849,I got a message that I cannot name X as a beneficiary.
t1850,What should I do if I don't know my password?
t1851,Everytime I try to prove my identity it won't let me.
t1852,How do I know what my PIN is?
t1853,"Is something wrong with my account, my balance didn't change after I transferred some money"
t1854,People are using my debit card - help!
t1855,How can I find a way to transfer money without it being rejected?
t1856,Google Pay won't let me top up.
t1857,The cash abroad exchange rate is applied wrong.
t1858,Help me cancel a transfer.
t1859,I do not recongize a payment in my account.
t1860,"If the ATM only gave me 10 pounds instead of the 30 I requested, what do I do?"
t1861,I would like to know if you use Visa or Mastercard.
t1862,Is there a fee for sending out more cards?
t1863,Is there a specific source that the exchange rate for the transfer I'm planning on making is pulled from?
t1864,Can you tell me why I was charged extra when I withdrew money?
t1865,How can I reset my darned PIN number?
t1866,"I can't be sure, but I think that someone may be using my card."
t1867,I did a transfer but it is still pending.
t1868,Please help me unblock my pin which I put the wrong one too many times.
t1869,Someone stole my wallet with my card in it while vacationing in Spain. I really need my card blocked and a new one ordered.
t1870,"If I exchange currency frequently, can I get a discounted rate?"
t1871,Where is the transfer to my account?
t1872,The card that I have isn't working. This is the physical card.
t1873,Change my pin?
t1874,I have lost my phone or it has been stolen.
t1875,How do I modify my account details?
t1876,How do I access the virtual card?
t1877,Can I still use my account without verifying my identity?
t1878,Are there any places that won't take my card?
t1879,Do you offer cards for those in other countries?
t1880,My card is missing!  Help!
t1881,Can I choose whether I receive a Visa or a Mastercard card?
t1882,"I tried to take out some money from an ATM earlier today and it was declined. Looking on my screen now, I still see that it's pending for that amount. I didn't actually get that money, so I don't want it processed on my account."
t1883,"Help me please, My Apple Pay American Express top up does not work."
t1884,"When I was traveling abroad, the exchange rate was applied wrong."
t1885,Why am I being charged a fee on a card payment?
t1886,Is there a way to make my money usable in another country?
t1887,I have a payment which has not been approved.
t1888,I have used all of my PIN tries. What should I do now?
t1889,My top-up never worked
t1890,How long does it typically take for a pending ATM withdrawal to clear?
t1891,I think my account has been hacked there are charges on there I don't recognize.
t1892,What are the steps to verify identity?
t1893,"I no longer want this account, what should I do?"
t1894,I was charged extra or a hidden fee when I purchased something from you. What's the deal? I didn't authorize that charge.
t1895,If I want to can I set up a new PIN?
t1896,How long will my transfer be pending?
t1897,I dont have identification
t1898,I can't do the verification.
t1899,tell me how I can order my card.
t1900,Exchange rate on a purchase was incorrect
t1901,"If my account is low in funds, can I set an auto top-up?"
t1902,There is a cash withdrawl I don't remember.
t1903,I am still waiting for a refund
t1904,Why is  my  top  up for  my  new account  not  instant
t1905,The exchange rate for my electronic payment is incorrect.
t1906,"When I tried to transfer funds to my friend today I was unable to do so, why?"
t1907,I've just got married and want to change my name.
t1908,Can I use a transfer to receive my transfer?
t1909,The app is showing a payment I never made.
t1910,how much is it to exchange currency
t1911,Can I get a Visa instead of a MasterCard?
t1912,Why did my credit card get declined for top up?
t1913,Can you unblock my account?  I entered the PIN wrong.
t1914,There is a pending transaction on my account for when I tried to get money from the ATM earlier and it did not work. Can you fix this?
t1915,Do I need to verify the top-up?
t1916,Can I have it delivered on a specific date?
t1917,I didn't receive the correct exchange rate for an item that I bought.
t1918,Where can my card be used?
t1919,what documents do i need to verify who i am
t1920,"I'd like to make a SEPA transfer to my account, but will I be charged?"
t1921,Can you please tell me why my card payments are not going through when I try to buy something online? When I put in my card payment it takes it but it comes back a while later.
t1922,Where can I have a new bank card sent to China?
t1923,My identity is unable to be verified.
t1924,Why are my purchases from this morning still pending?
t1925,"As advised by you, i requested seller to refund my money. A week has passed but i haven't got any update from seller. Please track the refund with the seller."
t1926,Help!  I think my phone may be stolen or lost!
t1927,What do I do to verify a top-up?
t1928,My transaction is showing several times.
t1929,Give me a refund
t1930,I saw a payment come out of my account for a merchant I don't remember.
t1931,how many transactions can go on a disposable card?
t1932,where has my transferred money gone?
t1933,How can I top up my account and which currency can I use?
t1934,I ordered something online a while ago and I haven't gotten it. I would like a refund.
t1935,I topped up my card but the app rejected it.
t1936,I'm unable to verify my identity
t1937,What is the process to get a new card when your old one expires?
t1938,Please tell me the steps to verify my identity.
t1939,why is my top up failing
t1940,"I tried to get money out of the Notting Hill ATM earlier, but I wasn't able to get it to work. Is my card with issue? It's the first time I tried using it."
t1941,I was spending cash with my card and got a fee.
t1942,My cash withdrawal was short.
t1943,Why hasn't my cash arrived from a deposited check?
t1944,Why can't I transfer to an account?
t1945,Why would the app revert my payment?
t1946,I want to use my American Express for adding money into my account.
t1947,Is it possible to top up by card?
t1948,What's the normal time frame for a transfer from a UK account? After just making a transfer it doesn't appear at all. I need to know if things went okay.
t1949,A fee that shouldn't be there is there after using my card!
t1950,I can't figure out how to unblock my pin number. Can you help me?
t1951,I tried activating my card and it doesn't work how do I solve this problem?
t1952,Can another family member hold a card for this account in addition to mine?
t1953,Where do I go to fill out the identity form?
t1954,"In my app, a direct debit payment that I didn't do shows up."
t1955,I am unable to use my card for some reason.
t1956,I haven't received my card and am worried it is lost.
t1957,I found my card. How can I put it into my app?
t1958,"I need to transfer some money, can I use my credit card?"
t1959,I have a trasnger that is pending and wondered about it.
t1960,"I made a transaction, but I made it to an account I didn't mean to make it to."
t1961,i have yet to get my pin
t1962,I need to change my home address.
t1963,Why can't I see my funds after I topped up?
t1964,Whats the reason for my payment being declined? It looked like everything went through ok and my account was good.
t1965,My top-up didn't go through
t1966,My refund for a purchase hasn't  cone through yet.
t1967,"How long do you expect me to wait for the transfer? It finally worked out, but has been pending for a long time and it's quite urgent."
t1968,Is topping up free?
t1969,"There must have been a mistake, why was I charged an extra pound?"
t1970,I was charged an extra pound for no reason. Why is that?
t1971,I was just needing to know why my card got declined
t1972,My last name has changed and I need to update my account details.
t1973,At what places accept my card?
t1974,I don't recognize this payment at all!  Help!
t1975,why hasn't my virtual card come yet?
t1976,Where is the card I ordered 2 weeks ago?
t1977,My disposable virtual card got rejected
t1978,Why was I charged a higher exchange rate when I bought something abroad?
t1979,Can you explain to me why a top-up would still be pending?
t1980,Show me where I can see the PIN?
t1981,Is there a reason why a recipient might not see my money transaction
t1982,How do i secure a top-up card?
t1983,How do I link an existing card?
t1984,I am unsuccessfully trying to make a transfer can you help?
t1985,My statement shows different transaction times.
t1986,I found the card I thought I lost this morning. Can I reactivate this card?
t1987,Is there a topping up limit?
t1988,I have a direct debit I didn't set up
t1989,How do I unblock my card?
t1990,Can I have a duplicate second card?
t1991,What places accept my card?
t1992,"I tried to withdraw some funds from my card, but was declined. How can I get my money?"
t1993,I deactivated my card but would like to reactivate it.
t1994,How come I can see an extra charge for my transfer?
t1995,Where do i go to receive a virtual card
t1996,Are there any fees when exchanging to foreign currencies?
t1997,"I paid with my card and got charged an extra fee, what's up with that?"
t1998,I would like to change my address.
t1999,I found my lost card. Am I still able to use it?
t2000,"I no longer need AUD, I need GBP instead, how can I make this happen?"
t2001,What do I need for the identity check?
t2002,There is a strange card payment I don't recognise.
t2003,Where can I find my card PIN?
t2004,Why would my card payment be reverted?
t2005,The exchange rate for my payment last Saturday must be wrong because I was charged extra.
t2006,Tell me why my transfer is pending.
t2007,I do not recognise the card payment.
t2008,What happens if the ATM gives me the wrong amount of money?
t2009,"There was money taken out of my account, and I'm pretty sure I didn't do it."
t2010,I tried to get gas but my money was gone!
t2011,Where is the top-up verification code?
t2012,Where can i find my top-up verification code?
t2013,"When I went to get cash, it was declined!"
t2014,Must I verify my identity?
t2015,Why am i being charged for withdrawing cash funds?
t2016,I've been trying to do a transfer multiple times and have failed? Is the system down?
t2017,Why is there a fee when I thought there would be no fees?
t2018,I am afraid to give you all my identify details.
t2019,Why couldn't I make a withdrawal from the ATM?
t2020,Why was I charged a fee to transfer money?
t2021,"Hi, Today i have tried to make payment by my new card, but payment got declined many times. I am very disappointed, please look into this."
t2022,"My transfer went through, but it seems to be caught up in a pending status.  This was very important that it got done quickly, can you give me a status update on how long it will take?"
t2023,I have a disposable card but it does not work?
t2024,What is the length of time for money to reach the account?
t2025,It is urgency. Please freeze my card now. As someone in some odd remote town has withdrawn some money by using my card. As i did not withdraw any money.
t2026,I have tried a couple of times to make a purchase and my card keeps getting declined. Why do you keep denying my transfers? I have already tried a couple of times and it's not working.
t2027,I want to inactivate my account.
t2028,"Hi,  One of payment is still coming as pending for which i have already paid by card. I guess it did not processed, could you please check and update me."
t2029,I got charged two times for a transaction
t2030,I'm not recognizing the card payment.
t2031,There is a duplicate payment on my card. Why?
t2032,Did you revert my top up?
t2033,Does the exchange rate change?
t2034,Can you explain to me why a top up would be reverted?
t2035,What  is the verification process for a top up card?
t2036,Can I transfer my paycheck to the account?
t2037,Why is allowance not being given to my beneficiary?
t2038,I've got to have one of those virtual cards.
t2039,Every ATM I visit is rejecting my card and I don't know why. There should be money on it. Can you check it to see if something is wrong or if I'm doing something wrong?
t2040,"I'm not in the UK, but can I still get a card?"
t2041,My credit card got declined for top up! What's going on? Can you check on why it didn't go through?
t2042,I bought something on line a and the seller hasn't received the money I sent could you please tell me how long an EU transfer takes?
t2043,I want to use cash to top up.
t2044,How long should it take for a transfer to go through? I have been waiting a while.
t2045,How can I lookup the source for my available money?
t2046,My disposable virtual card won't work.
t2047,How long do I have to wait for the transfer to be finalized?
t2048,My top up is not working
t2049,What is the top-up limit on my cards?
t2050,Can you tell me about the exchange fee?
t2051,Do I need to pay more for exchanging currencies?
t2052,What caused my top up to be reverted?
t2053,"My money has gone missing. I had recently added money in, and saw it was there and went through. Now it's missing. What is happening?"
t2054,Help! I lost my card!
t2055,"I put my check in the bank, but I haven't gotten my cash yet?"
t2056,I would like to know more about what a disposable virtual card is?
t2057,I want to get few more physical cards
t2058,I've forgotten my app passcode completely.
t2059,What currencies can I hold?
t2060,Can I make a withdraw in my home currency at an ATM? I'm on vacation and don't have cash with me. This is cause for a bit of concern. Is it possible to withdraw here without additional fees?
t2061,My account shows a direct debit charge that I have never seen before
t2062,Can you tell me where I can order a disposable virtual card?
t2063,My credit card seems to have been declined for top up. Why is it not going through? Can you tell me what's going on?
t2064,Will I be charged for a cash withdrawal?
t2065,where do you have locations at
t2066,How long does it take to make an urgent transfer from China?
t2067,Why am I being charged for withdrawing cash but haven't in the past?
t2068,I am looking for my top-up verification code and cannot find it.
t2069,HOW LONG TO TAKE THE TIME TO SOLVE
t2070,Please help! I need a refund on a transaction on something I bought and I need the refund right away!
t2071,I was given less cash then I wanted.
t2072,Why is there an additional fee showing on the statement I received?
t2073,Do I get  a mastercard and visa?
t2074,"If I want a friend to top off my account, can they?"
t2075,My identity hasn't been verified.  Can I use my account?
t2076,"i received my American Express in Apple pay, is there a reason why top up is not working?"
t2077,Why is it failing to top-up?
t2078,What is my money worth in other countries?
t2079,I tried to pay through my account but the payment is not going through. What's going on?
t2080,What are the time frames for the money to be available in my account?
t2081,Why hasn't my son received the transfer I sent to him earlier?
t2082,Can you tell me what countries you offer support for?
t2083,Why am I being charged extra when I withdrew money?
t2084,Is it simple to transfer money using my credit card?
t2085,My card didn't work at the ATM in Notting Hill.  Is my card working?
t2086,Can you tell me how long it takes for a new card to come?
t2087,My account is devoid of funds. Am I permitted to submit additional money via bank transfer?
t2088,There are some card payments that I haven't done myself. What is going on with my card and does somebody else have access to my card?
t2089,I was unable to transfer money to a beneficiary.
t2090,What is the best way to get my virtual card?
t2091,Any extra charges for exchanging currencies?
t2092,Why do you need to check my identity?
t2093,Why is my card payment still pending?
t2094,Why is my app showing me taking money that I did not take out?
t2095,"I need to make a purchase online, where is my virtual card?"
t2096,I tried to get cash out of the ATM but it is taking too long
t2097,Why does my identity need verification?
t2098,I want to set up an auto top-up
t2099,Can I use my card for online payments?
t2100,My card payment had the wrong exchange rate
t2101,"I don't want to buy this car anymore, can I cancel the transaction and get a quick refund back?"
t2102,"I attempted to complete a topup, and I thought all was well, but now the money is gone again. Has there been a glitch?"
t2103,"I want to top up my account by a bank transfer, but will I be charged?"
t2104,where is my new card?
t2105,Are extra charges added for sending out additional cards?
t2106,I have been charged way to much so something is apparently wrong with my exchange. I changed Russian Ruble into UK pounds.
t2107,Shouldn't my new card be here by now?
t2108,How can I go about getting a disposable virtual card?
t2109,Why did I get charged a fee for my transfer?
t2110,Why is a transfer I have still pending?
t2111,Can I pay online with my card?
t2112,What are the steps of verifying an identity?
t2113,Is there a charge for using an European bank card for top up?
t2114,Is there an age limit to get an account?
t2115,I can't verify identity through the app.
t2116,My latest payment was declined! What happened! I was told everything had been resolved and was back to working order again.
t2117,Where can I use my Mastercard?
t2118,Help Me!  I lost my card.  What should I do?
t2119,Why haven't I been given a virtual card yet?
t2120,"I got a transfer fail message, but no explanation of why-- what happened?"
t2121,Could you explain your rules for ATM fees?
t2122,How are exchange rates determined?
t2123,Which countries do you currently support?
t2124,Can I make an account for my kids?
t2125,What is the fee to top-up my account
t2126,Everything was stolen from me.  I can't use the app.  Please advise.
t2127,What currencies and cards do you support?
t2128,My statement shows a strange direct debit.
t2129,Which countries are supported
t2130,I don't know why my card payment did not work
t2131,Can I go ahead and use my account even though my identify hasn't been verified yet?
t2132,Do i have to wait to get the pin or can i set up a pin
t2133,What do I need to do to verify my funds?
t2134,Why won't my card accept any transactions?
t2135,There was a problem with the exchange rate on a purchase.
t2136,What sort of restrictions are there for the disposable cards?
t2137,Why is it taking so long for my pending transaction to post as cleared?
t2138,My address needs to be changed.
t2139,"I want to get a Visa and Mastercard, is it possible to get both from you?"
t2140,Can you please tell me why my transfer failed?
t2141,What fees do you charge for the standard card?
t2142,"So, I am in the middle of purchasing a flat. I need the money for the first mortgage payment and it is not going through. I keep receiving an error. Can you find out what's going on and help me complete this transfer?"
t2143,I am unable to transfer money. I believe it is not working because it states it was declined.
t2144,Is there a transaction limit for a disposable card?
t2145,Please cancel the transfer I just made.  I put in the wrong account number and can't seem to stop it on the app.
t2146,"If I wanted to change my PIN, how would I do that?"
t2147,I am still waiting on my bank transfer
t2148,the transfer went through but now it has been pending for quite a while. i need this to go through already
t2149,I would like to terminate my account.
t2150,I got a new card and can't find where to link it.
t2151,I think my phone was stolen. What can I do?
t2152,Why can't I get cash from the ATM?
t2153,What ATMs can I use this card?
t2154,There is a payment made with my card that I don't recognize at all.
t2155,Where can I link a new card?
t2156,Can you tell me which cards and currencies are supported?
t2157,How long does it take for a transfer to be in my account?
t2158,Can I use my account even though the identity verification has not passed yet?
t2159,I'm looking to get an additional card.
t2160,Where can the pin be located?
t2161,Are there any hidden limit on the auto top-up?
t2162,I recently bought something in foreign currency and I am unsure of the exchange rate. Is this rate applied correctly?
t2163,"I saw on the app that a cash withdrawal was completed on my account; however, I did not complete it."
t2164,Will I be charged for exchanging foreign currencies?
t2165,Can you look into why my most recent top-up is showing as pending? I thought it was supposed to be instantaneous.
t2166,What countries are you issuing cards for?
t2167,"I lost my card and need a new one, will it cost me?"
t2168,"After I make a payment, how long will it be before it transitions from ""pending"" to complete?"
t2169,Is there any way to cancel my transfer
t2170,Where did my extra fee for the transfer come from?
t2171,how do i get into my account and edit my details
t2172,Can you tell me your exchange rates?
t2173,I need a transaction reversed from my account.
t2174,Why do I get a fee every time I transfer?
t2175,Is it possible to change from AUD to GBP?
t2176,I have withdrawn cash from the ATM but it is showing in my account as a pending transation. Why is this?
t2177,"I wanted to transfer money to another account, but now I don't have to so I'd like to cancel said transfer. How can I do that?"
t2178,A cash withdrawal has been done that I didn't do.
t2179,How many disposable cards per person?
t2180,Can you please explain why my transfer failed?
t2181,need help with google pay top up
t2182,Transaction showing up many times.
t2183,How do I make my transfer go through
t2184,Can I get a card in person?
t2185,Where is the tracking number for the card?
t2186,I was not distributed all of cash that I requested
t2187,"If my salary is in GBP, do I need to do something?"
t2188,"I recently reported my card as missing/lost, and I just found it. Can I still use it?"
t2189,"my payment was rejected, do you know why?"
t2190,My card payments have stopped.
t2191,Can I get information on the identity checks?
t2192,I did a transfer and was charged a fee that should not have been charged!
t2193,There are funds showing in my app that I did not receive.
t2194,How do I modify my details?
t2195,I've been using my account while abroad for a while but only recently I've been charged a fee. Why am I only being charged a fee now.
t2196,Why was the exchange rate so wrong when I bought something!
t2197,I transferred money but the balance hasn't changed.
t2198,How can I fix my contactless?
t2199,I received a returned payment that I made.
t2200,Please tell me how the exchange rate is determined. I was expecting more money for the transaction.
t2201,why wasn't a transfer to account approved
t2202,Please explain why the funds I added were returned to my account.
t2203,What if I want to add a card I already have to the app?
t2204,I got some cash out of the ATM over the holiday and it seems that I've been grossly overcharged. I wouldn't have done that if I knew of these outrageous charges!
t2205,How do I make my PIN work again?
t2206,When will I receive my card?
t2207,I did not get the right exchange rate while getting my cash out.
t2208,Do I get any sort of discount on volume for a lot fo currency exchanges?
t2209,Balance is not up to date.
t2210,Can I use your services without access to the app?
t2211,I just made a transfer from a UK account. How long does that typically take to show up? I just want to make sure it worked alright.
t2212,I do not see the money I transferred into this account
t2213,My account says I have money but I withdrew it in cash.
t2214,"I see a transfer fee, but to my understand, that should have been free, what happened?"
t2215,Will a beneficiary not accept a transfer?
t2216,What's the process of changing from GBP to AUD?
t2217,want to know where funds come from
t2218,A payment on my statement is wrong.
t2219,Can you help me track my card?
t2220,I completed a payment with my card a while ago. It's still showing up as pending. What time frame does this normally take? It doesn't appear to have worked.
t2221,Why can I not choose the card i want?
t2222,I just had a wedding and I want to take my spouses name.
t2223,What is the exchange fee that is charged?
t2224,How many top-ups can be approved?
t2225,Your company is lame. Shut down all my account services right now.
t2226,How can I exchange GBP for AUD?
t2227,Can I edit my details?
t2228,"I just checked and my payment was cancelled, why?"
t2229,Am I able to get both a Visa and MasterCard from you?
t2230,Where is my missing cheque I deposited?
t2231,My purchase from this morning still is pending.
t2232,How can I obtain a disposable virtual card?
t2233,Are there any reasons that my identity wouldn't be accepted even though everything I've provided is factual?
t2234,How do I make a currency exchange?
t2235,Is there a way to see where my money originally came from?
t2236,My card needs to be activated asap
t2237,"My transfer is quite urgent, and finally worked out, but I've been waiting for it for quite some time. Can you tell me how long to expect to wait for it?"
t2238,Would I be able to use SWIFT transfers?
t2239,How do I get my money back for a duplicated charge?
t2240,"I found my card, how can I use it again?"
t2241,How can I change the currency I'm exchanging from AUD to GBP?
t2242,explain the virtual card
t2243,What do the disposable cards do?
t2244,Do you support countries other than mine?
t2245,"I can't transfer any money from my account to my friend's account, it keeps rejecting it. Can you tell me why? I have enough funds in my account to transfer."
t2246,Why is my card being declined when I try to do a top-up? How can this be immediately resolved?
t2247,I don't think my transfer wen through. Why?
t2248,What is the reason my payment was not accepted?
t2249,"Your card pin can be changed at any Visa or MasterCard ATM with Pin services, excluding countries such as Belgium, Luxembourg, Austria, Germany, Spain, and France."
t2250,Can I use my card wherever I want?
t2251,"phone is at a hotel, can i still use app"
t2252,I had a payment reverted and would like to figure out why.
t2253,The exchange rate on my payment doesn't look right
t2254,There's an error in regards to the exchange rate for an item I bought.
t2255,A transaction shows duplicate times.
t2256,My latest transfer seems to be missing.
t2257,"My card has been declined by two separate ATM, and I'm worried something is wrong with my account. Would you please see if my account is okay?"
t2258,Can you lookup my password?
t2259,I made a deposit in the ATM and it has not cleared
t2260,Can I have a discount if I exchange currency often?
t2261,Why doesn't it work when I use American Express to try to add money to my account?
t2262,I would like a physical card
t2263,The amount of cash i have received is not correct.
t2264,I can't log in
t2265,how to exchange currencies
t2266,I forgot my pin and am blocked now. Can I reset it somewhere?
t2267,"I've tried many times to make a payment, but it's not going through.  What's wrong?"
t2268,Is there a limit to the top-ups someone can do?
t2269,Where do I order a disposable virtual card?
t2270,Does the package with my card have tracking?
t2271,An extra pound was charged!
t2272,I need to change my card PIN.
t2273,What do you need my identity details for?
t2274,How do I delete my account now
t2275,I tried to transfer but it was declined
t2276,"my card details could be stolen, as i didnt make these transactions"
t2277,I think the bank made a mistake on the exchange rates
t2278,I have no more money in my account.  Is there a way to do a bank transfer to put money into my account?
t2279,How do I get extra physical cards?
t2280,"Even though I made a cash deposit, I am not seeing it in my account."
t2281,Can I get some help to get me card activated?
t2282,The currency exchange for my purchase in foreign currency is incorrect.
t2283,I checked the app and my balance has not been updated for the cash or cheque deposit.
t2284,Do the disposable cards have restrictions?
t2285,I tried to top up with my card but it's not working. I had just done this a couple days previously and it worked. Can you tell me what's going on here please?
t2286,I sent payment with EU transfer and they still haven't received it. How long does it take?
t2287,Where can I find the verification code for the top up card?
t2288,do i need to add money before i order a card
t2289,Can I change my PIN without going to a bank branch?
t2290,show me how to transfer to my account
t2291,I need someone to assist me with explaining how much I can top-up.
t2292,The funds I transferred are not in my account
t2293,What is the fee for a foreign currency exchange?
t2294,It looks like the exchange rates on my card payment are wrong
t2295,What value can I get for my currency?
t2296,"My cash withdrawal shows pending, why?"
t2297,Do you send duplicate cards?
t2298,I got charged for with a fee for paying with my card.
t2299,I'm confused as to why my top-up did not go through.
t2300,Please let me know how to place an order for a virtual card
t2301,What are the disposable card limits?
t2302,How come my card payment is still pending?
t2303,When will I be able to see the refund
t2304,I have multiple of the same transaction
t2305,How long will my most recent transfer take to go through? The recipient needs the money urgently.
t2306,"Good day, in reviewing my credit card activity over the last several days, I see a repeated charge for a restaurant that I went to. The charge was put through twice, so I would like one of the charges corrected and the amount that was withdrawn to be reinstated please."
t2307,What ATMs can I use my card at?
t2308,I'm in the EU. Can I get one of your cards?
t2309,The day before yesterday I transferred funds to another account within the country.  The funds have not yet arrived.  I double and triple checked the account number and it was correct.  Why hasn't the transfer been completed yet?
t2310,I want to get a Visa
t2311,Will I know which exchange rate I will get?
t2312,Where are my funds? I topped off my car but it didn't seem to complete.
t2313,Can I track the card that was just sent to me?
t2314,Can you check if my money has reached my account since it is not showing up yet?
t2315,Why was a payment cancelled on my account?
t2316,"I got my American Express in Apple Pay, why is top up not working on my device?"
t2317,How long will it take for my top up to work? It's still pending
t2318,What ATM locations are near me?
t2319,Where did the money I deposit go??
t2320,I only got $20 of the $100 that I attempted to withdraw.
t2321,How many different cards can I have for my account?
t2322,"The expiration date on my card is very soon, and I need to get a new one.  What are the price and delivery options for my replacement card?"
t2323,"My card will expire next month, will I need to order a new one?"
t2324,Could you help my figure out the exchange fee?
t2325,still need to get card pin
t2326,How can I add a new card?
t2327,There is a direct debit transaction that I did not authorize
t2328,How come my cash withdrawal came with an unnecessary fee?!
t2329,How do I get my card?
t2330,"Hey i need help urgently. I just realised I sent my payment to the wrong account number, there is a typo! Please cancel it immediately, I can't do it anymore from the app"
t2331,Please help me get a Visa card.
t2332,With one disposable card how many transactions can i do?
t2333,I need to verify my identity. How do I do that?
t2334,Is there a fee for paying by card?
t2335,Why have I been charged an extra £1?
t2336,I got an cancellation error when I was topping up.
t2337,What steps should I take before my card expires?
t2338,How often can I top up?
t2339,Can you unblock my pin because I put the wrong one too many times.
t2340,wheres my money receipt
t2341,I bough an item and the exchange rate was incorrect.
t2342,Some cash has been withdrawn but I didn't do it.
t2343,Help! I made a transfer in error and need to cancel it before it's complete!
t2344,How can I dispute a direct debit charge on my account?
t2345,What will happen after my card expires?
t2346,"I withdrew money from an ATM today, and now my account is showing a different amount than what I withdrew. I checked the amount the ATM gave me, and it looks like it gave me the wrong amount of money. What is the best thin for me to do to get this fixed?"
t2347,How many transactions can I do with a disposable card?
t2348,How can I locate the virtual card?
t2349,The top-up verification code is not visible.
t2350,I made a payment and it is showing up twice
t2351,"I put cash in my account, but I don't see it."
t2352,My top up says it is still pending
t2353,I withdrew cash and was charged
t2354,What is my top-up limit?
t2355,How do I find my new pin?
t2356,can i get a virtual card
t2357,where can i deposit a check
t2358,My salary is deposited in GBP. Do I need to choose the currency?
t2359,"I want to reactivate my card, I found it after thinking it was lost."
t2360,How can I change my name in my profile?
t2361,"I need my card topped up,"
t2362,What types of foreign money can be used with this service.?
t2363,Can I reset my PIN if it is blocked?
t2364,Will I need a new card or can I put my old card back into the app?
t2365,My transfer is pending too long.
t2366,Do I have to pay for a second card?
t2367,Is it free to exchange currency?
t2368,How can many disposable cards can I have per day?
t2369,How do I get a new card sent to China?
t2370,Where is the verification code display?
t2371,Does my account have the option to hold multiple currencies?
t2372,I got married and need to change my name.
t2373,How much for an actual card?
t2374,How do I reactivate my card?
t2375,Why is my transfer pending?
t2376,"I have obtained the salary in GBP, will it need to be configured?"
t2377,What is the disposable card for?
t2378,I am seeing inside the App a some cash withdrawal that is not mine
t2379,Is there an age limit to open an account
t2380,What should I do once my card expires?
t2381,Is a new debit card free?
t2382,I see non-received cash in my app.
t2383,How can my friend pay me?
t2384,I was charged several times for something
t2385,"I did a transfer to my account, but it hasn't shown up"
t2386,"Everything I have was stolen yesterday making it so I don't have access to the app, what should I do?"
t2387,What is the max I can top up?
t2388,My card is stolen.  Help!
t2389,Are there limits on the virtual cards?
t2390,do i need to wait for my card before i get pin
t2391,Please tell me how to verify my top up card.
t2392,The ATM wouldn't let me withdraw cash.
t2393,I should not have been charged a fee for my transfer.
t2394,Can you tell me what i need for the identity check?
t2395,I have duplicated transactions on my statement
t2396,What is the amount of time transfers usually take from the UK? I had just completed a transfer and nothing seems to be showing up so I need to be sure things are alright.
t2397,The top-up card is verified how?
t2398,Can I use American Express?
t2399,Is there a fee when I add money to my international card?
t2400,What fees are charged when I top up
t2401,"Looks like my card payment was duplicated after all. I went to pay at the store earlier, got declined once,second time it works. App still stays pending for one of the payments. Can you remove one of them as it's wrong and clearly was declined?"
t2402,I'm at the ATM right now and it only allowed me to withdraw 10 pounds instead of my requested 30. What's going on? How can I fix this?
t2403,Do you limit my top-ups?
t2404,Can someone in the US have a card?
t2405,"I'm hoping you can answer my question about a pending transfer that I've had for a while now.  I know that all of the account details are correct, so why is it taking so long to go through?"
t2406,Why is there a pending time on my transfer?
t2407,The currency exchange rate was wrong for a purchase I made.
t2408,I bought an item and the exchange rate was wrong.
t2409,"I notice a transaction a couple of weeks ago in my account, from a seller that I don't recognize. Is there a way we can trace back the information to make sure it was truly something I did?"
t2410,Why was the price higher when I paid with my card?
t2411,Why was there a fee on my cash withdrawal?
t2412,If I order a card when does it arrive?
t2413,Why did I get charged more for using my card?
t2414,"Do any of your machines provide cash from my home country? I don't have any money on me and I'm on holiday so I'm concerned. Also, will I be charged anything to do this?"
t2415,Under what condition will my payment revert?
t2416,"You can activate your card in a few seconds by going to account, hitting activate, and just following the directions."
t2417,What is taking so long on my transfer from the US?
t2418,"I would like to exchange currencies, how do I go upon it?"
t2419,I noticed that there is a withdrawal in the app that is not mine.
t2420,when will I get my refund?
t2421,Where is the refund on my statement?
t2422,Why was my card declined?
t2423,What steps can I take if someone else is using my card?
t2424,How old do my kids need to be to open an account?
t2425,Will I get a visa or Mastercard?
t2426,Can I use my apple watch to top-up?
t2427,What could the reason be that my payment card was declined?
t2428,Can you change my currency to EUR?
t2429,Please tell me how you can stop unauthorized payments from being made on my card since on this bill I see that this has happened. There are transactions that I never made from a place I've never been to.
t2430,I'm suddenly getting an error while attempting a transfer that it isn't possible. Why? I've done it before.
t2431,Can I get a Visa or Mastercard?
t2432,I'm still waiting on my new card to be delivered!
t2433,is there a reason that my payment didnt go through
t2434,"My card payment was reverted, why?"
t2435,How long until I see a cash withdrawal?
t2436,It appears my transfer was declined.
t2437,How do I activate a card?
t2438,Is it free to transfer money or is there a fee?
t2439,"I can't remember my app code, can you reset it?"
t2440,are you sending me my card?
t2441,I made an ATM withdrawal over the holiday and then later realized I was charged an exorbitant fee!  I never would've made this withdrawal if I'd known I'd be charged so much.
t2442,What steps do I do to transfer money using my credit card?
t2443,Help me terminate and close my account.
t2444,Can you tell me why my top-up was canceled?
t2445,I put some money in my account the other day but now its gone? Why is this?
t2446,Are SWIFT Transfers available at this bank?
t2447,Is there a fee for topping up a card?
t2448,I used my pin too many times.
t2449,can i create my own pin right away
t2450,"I think my card is expiring, what happens then?"
t2451,How can i get a refund for something i just bought?
t2452,The exchange rate you are using is bad.This can't be the official interbank exchange rate.
t2453,Why isn't top-up working? My top-up money disappeared after I saw that it was successfully transferred. Is it gone? Where did it go?
t2454,What's the fee for exchange of foreign currencies?
t2455,my atm transaction was wrong
t2456,I just moved. How do I give you my new address?
t2457,Unsure how to provide my identity.
t2458,I want to change my PIN.
t2459,How do I start auto top up?
t2460,"I have checked the account information several times to be sure that it is correct, but the in country transfer I did a few days ago still has not appeared! What is the hold up?"
t2461,Can you please refund my item?
t2462,I would like to cancel my purchase.
t2463,Please help me figure out the reason for the odd withdrawal amount from my account?
t2464,Can you please tell me why I was charged an extra fee on my transfer?
t2465,Can I use your app to exchange USD for GBP?
t2466,"I put money in my account a week ago but its still not there, what is happening?"
t2467,There is a vendor name I don't recognize on a payment from my account. I don't think I made this payment.
t2468,I didn't initiate a direct debit that I see on my account
t2469,"After my checque or cash deposit, my balance didn't update."
t2470,Why isn't my cash deposit showing up in my account? I deposited it this morning.
t2471,How does the exchange rate work on this app?
t2472,I'm not satisfied with the services that you are providing.  I would like to end my services and delete my account.
t2473,I didn't receive the correct exchange rate when I got cash.
t2474,What is the maximum for auto top-up?
t2475,"My wallet was just stolen, and they've already used my card! Please help, I can't afford to lose more money!"
t2476,"Card payment is still pending, why is that the case?"
t2477,How do I see my updated balance after I make a cheque or cash deposit?
t2478,Why did my transfer fail?  What can I do?
t2479,There's a payment showing in the app today even though I have not used my card at all. I want a refund.
t2480,What happened! I asked for 30 pounds at your ATM and only go 10. The machine lied about it too. It said I received the full 30 pounds. Someone better help me asap on this.
t2481,Can you give me the restrictions of the disposable cards?
t2482,Can I order a second card?
t2483,"I just pulled money out of the ATM and was charged a fee, WHy?"
t2484,Why is a transfer to a beneficiary not possible?
t2485,"I need to verify a payment to my new landlord. I transferred the first rent payment a few days ago. While it shows on my side, the landlord is saying he hasn't received it yet. Can you verify that it has processed?"
t2486,is my pin the same as my passcode
t2487,"I attempted to top-up with my card this morning, but the transaction was unsuccessful. I received the card two days ago and was successful using it previously. Could you please help me?"
t2488,How do I find the code needed in order to verify my top-up card?
t2489,"Help, I don't know what the PIN is to my card?"
t2490,Are there any extras for exchanging currency?
t2491,Can I add money to my account via bank transfer?
t2492,Is there a reason my transfer would have been declined?
t2493,I don't understand why you want so much of my personal info.
t2494,What is the time frame for european transfers?
t2495,need to know where money comes from
t2496,Can an American resident apply to get a card?
t2497,My phone was left at a hotel and I can't access the app.
t2498,Is it possible to access my phone from the hotel/
t2499,How do I get my card back after the ATM swallowed it.
t2500,Why was I charged a fee? I thought shopping was free?
t2501,Why do you have an identity check?
t2502,"I'm trying to verify my top-up card, but I can't find the code...?"
t2503,Can you  tell me how to get AUD not GBP?
t2504,Not sure what my password is.
t2505,can my husband open an account and transfer money
t2506,How long will a cash withdrawal be pending?
t2507,"My card arrived but I need to make it work in the app, how do I do that?"
t2508,Can I get an account for my son?
t2509,Is there something that I can do since my phone was stolen yesterday?
t2510,"I need your help to get a refund for an item I just bought, can you cancel the payment since what I bought hasn't arrived yet."
t2511,I just replaced my phone so do I have to make a new account?
t2512,Help my find the verification code on a top-up.
t2513,Why is my withdrawal from the ATM still showing as pending?
t2514,I don't understand where this charge came from.
t2515,What commission do you take for currency exchage?
t2516,I cannot get my google pay to work.
t2517,Can I pay more to get it deliver quicker?
t2518,Can you tell me when my money transfer will go through
t2519,Do currency exchanges cost extra?
t2520,"Hi,  My money has not been credited to my account for which i have sent you cheque few days before. I am worried about the money please let me know the status."
t2521,How can I top up with a cheque?
t2522,It looks like my top-up was cancelled
t2523,Why do you require identification documents
t2524,"I prefer using Mastercard, can I substitute?"
t2525,Do you know how to change my card PIN?
t2526,Can I use SWIFT transfers?
t2527,What would I be charged in receiving a SEPA transfer?
t2528,I think someone is using my card without my permission!
t2529,Can I top up with cash
t2530,How to I close my account?
t2531,"Help!  I fear that my card was stolen,"
t2532,I got money overseas and the exchange rate was wrong
t2533,What is the refund procedure?
t2534,Can you tell me where my readily available cash has come from?
t2535,Where do my available funds come from?
t2536,"There has been an unusual withdrawal from my account, can you help?"
t2537,How can I add money to my account from another account I have?
t2538,Why would my card payment be cancelled?
t2539,Is there a fee to top up by bank transfers?
t2540,I sees some suspicious spending on my credit card that I don't recall I had made. What should I do?
t2541,I was charged multiple times for one purchase
t2542,I am confused about your fee structure and was disappointed to see a fee for my transfer.
t2543,There were a couple of payments that I have noticed on my account with my card that I didn't make. Is it possible that somebody else has my card information?
t2544,What should I do if I see an unauthorized withdrawal on my statement?
t2545,"Hello, i just checked my statement and there seems to be a payment from my card that I have never seen before."
t2546,I think someone may have cloned my card or something.  My card isn't lost but I just saw a charge of $500 cash withdraw.  Can you help me?
t2547,What do I do if I cannot access the app?
t2548,"Hi, I used an ATM today to take money out of my account, but the amount it gave me is not the amount I requested. What should I do?"
t2549,Why was my top up cancelled?
t2550,There are fraudulent charges that I didn't make on my card. Can you please put in the safeguards necessary to stop this from happening anymore?
t2551,"I just took some cash out of a cash machine in Heathrow airport because I wanted to buy some new sunglasses for my holiday but you've added a fee to the withdrawal, what is this?"
t2552,Why can't I complete the transfer?
t2553,I wasn't applied the correct exchange rate when getting cash
t2554,I would like to invalidate my account.  I am very disappointed with your services.
t2555,Contactless payments need to be enabled for my card.
t2556,How do I replace a card that's going to expire?
t2557,What do I do if I can't access the app?
t2558,My card was rejected
t2559,Can money be exchanged from one currency to another?
t2560,who should i contact if my refund doesn't go through?
t2561,Why did the app deny my top-up?
t2562,The app passcode has completely slipped my mind.
t2563,Am I limited to what ATM I can use my card?
t2564,"I haven't received my card yet, how long does it normally take?"
t2565,Why am I charged an extra fee on my card?
t2566,I am suppose to be getting a refund from something I purchased but it hasn't showed up in my account.
t2567,How do I know it is a Mastercard ATM?
t2568,My Google pay top up isn't working. Help.
t2569,please delete account
t2570,Is there any way to see my card in the app?
t2571,What do I need to bring for identification?
t2572,I want to cancel a purchase
t2573,My top-up failed to go through.
t2574,Why wouldn't the ATM give me cash?
t2575,There is a transfer not showing on my account.
t2576,"I was wondering, Can I get my pay in another currency?"
t2577,What do you think of the exchange rate?
t2578,I sent money to a person and they haven't received the payment yet.
t2579,Can currencies be exchanged on this app?
t2580,Why is there a charge for my transfer?
t2581,How can I change my address?
t2582,A transaction on my card shows as pending.
t2583,"I draw out money from your ATM during holidays, and was charged insanely. I wouldn't have done it, if i had a little sense about the shocking charges."
t2584,How is the current exchange rate?
t2585,I should not have been charged a fee for cash withdrawal.
t2586,I have young kids. Can they use this service?
t2587,Why am I being charged fees on some transactions but not on others? What am I missing here? I cannot find where to see the fee structure on my account. Help!
t2588,How do I change my address ?
t2589,Can you tell me where to go to get a disposable virtual card?
t2590,"Top up my card please, which y'all support?"
t2591,my payment was rejected
t2592,I can't find the PIN.
t2593,How much does it cost for additional cards?
t2594,I can't find how to top up my account with a check.  Where is that?
t2595,Why was my transaction not approved?
t2596,I want to cancel my card. I think someone else is using it.
t2597,I have a payment in my statement that is off
t2598,I'm dissatisfied with the service and would like to terminate the account.
t2599,A couple weeks ago there was a debit taken from my account from a transaction I don't recall. Is it possible to trace this transaction to make sure I'm not being scammed?
t2600,I sent a cheque a few days ago and i noticed that no money has been put on my account. Can you please tell me the situation of my account?
t2601,How can I prove who I am?
t2602,I was getting cash and the card got stuck inside
t2603,I have a payment that has not gone through yet
t2604,When will my transfer move from pending to confirmed?
t2605,"I need to get a card, how do I do that?"
t2606,How can I tell what foreign exchange rate I will get?
t2607,My money hasn't been deposited yet. When will it be?
t2608,Why has my top up failed?
t2609,A payment I made is for a wrong amount can you help me correct the mistake.
t2610,Why can't I transfer to another account?
t2611,Using international ATMs messes up the exchange rate.
t2612,How do I change my account details?
t2613,I can't get the top-up to work! What's going on here.
t2614,What are Interbanks current exchange rates?
t2615,I have duplicate charges for the same transaction
t2616,I made an online purchase and the order has not shown up. Give me my money back.
t2617,I have a new card. How do i top it up?
t2618,Is it possible someone has access to my card? I noticed that there are a couple of payments in the app I'm sure I did not make. Can you find out what's going on here?
t2619,I forgot my code
t2620,how long does a US transfer take
t2621,Does it matter which card I use
t2622,I did a transaction to a wrong account!
t2623,I was refunded the money for something I bought already.
t2624,When will the money from a transfer be made available on my account?
t2625,How do I link the new card that I just got from you guys?
t2626,"If I exchange currencies frequently, is there a discount?"
t2627,pending transaction?
t2628,Why are there fees for using a card?
t2629,What if I need to use GBP instead of USD?
t2630,What's up with verifying top-ups?
t2631,"stolen phone, what should i do"
t2632,There is money missing from my account.
t2633,What will I need to verify my identity
t2634,I attempted to top up my account but it's been frozen in a pending state for well over an hour now! Is this normal? I'm a new customer and this is my first time doing this. I assumed it would be done quicker than this.
t2635,My card rejected a cash withdrawal. Why?
t2636,Why is my beneficiary not being allowed to get payment services?
t2637,I topped up but it isn't in my account
t2638,I have not seen any changes in my account balance(s) after making a transfer.
t2639,I am inquiring about why there was an extra fee charged when I used an ATM.
t2640,I lost my wallet and I think someone is withdrawing cash with my card. Please help. It is urgent.
t2641,How do I get a virtual card on my device?
t2642,Help me change my PIN.
t2643,I need to reset my passcode. Where do I go to do that?
t2644,My salary is in GBP. Do I need to configure this somewhere?
t2645,What should I do if my passcode won't work?
t2646,tell me why I was charged more with my card?
t2647,Why are my transfers not going through.  I have tried over 4 times to get it to work.  This is just a simple transfer.  Is something else causing this in the system?  Is it broken?
t2648,Can I have a mastercard?
t2649,I'm panicking!  I lost my card!  Help!
t2650,I think my card payment has been reverted
t2651,Can you assist me in acquiring a virtual card?
t2652,I was issued a card about a week ago. why hasn't it come in yet?
t2653,My card payment has failed.
t2654,The App shows a fraudulent payment made on my account.
t2655,Why didn't my transfer to a beneficiary happen?
t2656,How do I dispute a direct debit that I didn't do?
t2657,The ATM I used for foreign currency provided the wrong exchange rate.
t2658,I would like to know how exchange rates are calculated when transferring funds.
t2659,"phone is gone, dont want others to access account information"
t2660,I can't enter my passcode.
t2661,I just found out from the seller that my money didn't go through. I checked my account and it was deducted at first but now it's back in my account. Can you  please fix this for me quickly?
t2662,I thought crypto top up with something you offer. This is not working. The money has been deducted from my account. Can you find out what's going on?
t2663,I was making a purchase and it was declined and I wanted to know why.
t2664,Is there a place to check for fee for payments? I feel like I'm getting charged too much at times.
t2665,Why was I charged for getting cash?
t2666,Why was there an extra charge when I transferred money?
t2667,Today I noticed a charge for an ATM withdrawal on my account. Can you please fix this? It's supposed to be no charge.
t2668,The payment I made with my card is not showing up.
t2669,My top up is pending still
t2670,I got charged twice
t2671,"While I was drunk, I goofed my PIN number and your machine ate my card. How can I get it back?"
t2672,what is the limit for top-ups?
t2673,Is my card actually working? It's the first time I tried using it
t2674,I did a cash deposit to my account but it doesn't show up
t2675,My new card needs activating.
t2676,What are disposable virtual cards?
t2677,There is a potentially fraudulent direct debit on my account.
t2678,I wanted to know why there is a transfer of mine pending.
t2679,Why do I have a transaction showing multiple times?
t2680,The ATM didn't give me the amount I asked for
t2681,Why is my cash withdrawal pending?
t2682,Is payment required to get a card of my own?
t2683,"left my phone at hotel, cant use app"
t2684,What countries are you located in?
t2685,I've tried completing a very standard transfer and have already attempted it 5 times. What's going on here? Is there a problem with your system?
t2686,How can disposable cards be used?
t2687,"Looks like my card payment was made twice by mistake. I went to pay at the store earlier which rejected once, second time it worked. App is on pending for one of the payments. Can you please remove one of them as it's wrong and clearly was declined?"
t2688,How do a reverse a duplicated charge?
t2689,Can I increase my top-up maximum?
t2690,"I think my pin has been compromised, what do I do?"
t2691,"The expiration of my card is near, how do I order a new card?"
t2692,There has a recent suspicious withdrawal on my bank account. Is it possible to freeze my card?
t2693,what are the steps to activate my card?
t2694,Do you offer account services for children and teens?
t2695,How long does it take for a top up to go through
t2696,I saw a fee on my receipt from withdrawing money while shopping earlier.  Is there supposed to be a fee for this type of transaction?
t2697,What fiat currencies are used for exchange?
t2698,I do not feel comfortable verifying my identity.
t2699,My cheque is slow to cash
t2700,how long should I expect to wait for my card to arrive?
t2701,Do you charge for sending more cards?
t2702,"Hello,  I have recharged topup but account is not credited. Please help me in this, i guess there is some defect in system."
t2703,My app is showing a payment that I know I did not do. Can you please cancel that transaction and credit my account please?
t2704,How to exchange my currency
t2705,Can I use this app to exchange between dollars and pounds?
t2706,What are the disposable cards restrictions?
t2707,Please explain to me the process of getting a virtual card.
t2708,I'm interested in learning more about product refunds.
t2709,What ID do I need to verify my identity?
t2710,Hello. I checked my transactions and saw I was double charged for a restaurant visit. Can I get my money back?
t2711,How long does it take for money to transfer as my balance hasn't been updated
t2712,How can I get a virtual card for a one-time transaction?
t2713,I'm due a refund and it is not on my statement.
t2714,Why did I get charged a fee for my card payment?
t2715,How many times can I use a virtual card?
t2716,"I was charged a fee when withdrawing cash, can you explain why?"
t2717,What exchange rate is it?
t2718,What is the maximum number of transactions that I can put on a disposable card?
t2719,My app is displaying a payment I didn't make
t2720,Is there a way to reset the passcode?
t2721,Is there a fee for a SEPA transfer
t2722,Is there a problem with the payment that I see is still pending?
t2723,I need my PIN unlocked.
t2724,What is an exchange rate?
t2725,Does it cost to top up my card?
t2726,I think the exchange rate for the cash I withdrew was wrong.
t2727,The activation process for my card isn't working.
t2728,There is a pending payment on my account that is very strange. I don't remember making this and it won't go away. Can you help me figure this out?
t2729,I am having trouble withdrawing cash.
t2730,I want to delete my account.
t2731,Why is the ATM not allowing me to get cash?
t2732,How many active transactions can I make with a disposable card?
t2733,Two days ago I did a transfer to another account within the country.  It doesn't appear the transfer went through.  I have verified the account number several times.  Could you please check on this for me?
t2734,My card payment wasn't accepted.
t2735,What is the cost for physical cards?
t2736,is there a way to do top up with apple pay
t2737,Can I use my account although my identity verification has yet to pass?
t2738,I live in the UK. Can I get a card?
t2739,Can you explain to me the way to verify my top up has gone through?
t2740,I'm cancelling this charge. I still have not received what I bought from these people a while ago.
t2741,something is wrong with my exchange rate charge
t2742,Can I get a few more physical cards?
t2743,"I forgot my phone at the hotel, so I can't access the app."
t2744,I do not recognize a direct debit payment that I see on my app
t2745,I believe my card payment were reverted
t2746,"I want to give a second card for this account to my daughter, would this be possible?"
t2747,If I want my son to have his own account is that possible?
t2748,Can somebody else top up my account?
t2749,Why does it say my transfer failed?
t2750,Exchange fee help?
t2751,How long will it take for my transfer to arrive?
t2752,How long will it take to get to the US?
t2753,My transfer failed
t2754,Can I track my card while it is in the process of delivery?
t2755,Can I auto top-up as much as I want?
t2756,How do you top up with a cheque?
t2757,"Hi, I tried to withdraw some money from an ATM and the machine was broken.  It says that the transaction is still in progress.  Can you double check to see what's happening? I don't want to be charged since I was not able to withdraw the money."
t2758,How much does it cost to get more cards?
t2759,There is a cash withdrawal on my statement that I don't recognize
t2760,How long will it take my card to get here?
t2761,Do I have a limit to the number of top-ups per day?
t2762,How do I get the passcode reset?
t2763,My account transfer was not cleared.
t2764,Will you charge me if I top up by card?
t2765,I want my card I just received to show up in the app. How do I do that?
t2766,can I be charged for topping up by card
t2767,My product was faulty.
t2768,What are the currencies and cards that are supported with my account?
t2769,Has my account been frozen?  I tried to use my card but the ATM would not dispense cash.
t2770,Where is my new card if I haven't received it yet?
t2771,I tried entering my passcode and it isn't working. Can you help?
t2772,I completed I transfer the day before yesterday in this country. The transfer still is not complete. I've checked on the account number multiple times to make sure that it is the right one. Can you check to see what's going on with this?
t2773,How do you decide what your exchange rates are?
t2774,Why is my physical card not working?
t2775,"I was out today looking forward to paying with my brand new card, turns out the payment just kept getting declined. This is pretty sad, what's going on?"
t2776,What are the policies of disposable cards?
t2777,Can I have more disposable cards?
t2778,"I need to exchange between different currencies, like GBP and USD. Can I do that with your app?"
t2779,My new card came in.  How do I activate?
t2780,Help me to set up contactless payments.
t2781,"I was overcharged at an ATM while on vacation. I needed cash so I had to use it, but your charges are outregous and I wish I would have known beforehand."
t2782,How long will it take to receive my money from my transfer transaction?
t2783,There is a charge for 1£ on my statement.  I do not think that I bought anything that costed 1£.  What is going on?
t2784,How long does it take for a money transfer to show up?
t2785,I have a charge for something I didn't buy.
t2786,Will I be charged an extra fee if I need to exchange currency?
t2787,How long does my top up pending last?
t2788,Let me know what the steps for the identity checks are
t2789,My cash withdrawl has the wrong rate of exchange.
t2790,How much do you charge for exchange rates?
t2791,Is it possible to exchange currencies?
t2792,Is there a function where I can top-up automatically?
t2793,I'm upset because I got charged a ridiculous fee when making an ATM withdrawal over a holiday weekend.  It didn't notify me beforehand either or I wouldn't have ever done it.
t2794,"please help me with this transfer, for some reason i can't transfer to a cryptocurency account"
t2795,What is the refund process?
t2796,What systems do you have in place for my security when using my card for everyday purchases?
t2797,I haven't received my card.
t2798,Tell me what ATMs use this card.
t2799,"My PIN is unlocked, what do I do?"
t2800,What are the limits to where my card will be accepted?
t2801,What is the charge for receiving a SEPA transfer?
t2802,How can I check if I have received a refund if it is not yet on my statement?
t2803,I asked for more cash than what was received
t2804,There is a fee from a transfer that is not supposed to be here!
t2805,I believe I got a wrong exchange rate when I got cash.
t2806,How come I didn't get a virtual card yet?
t2807,Can I use this app for both USD and GBP?
t2808,Please help me!  A payment I made had an error on the account number and I can't cancel on my side.  Can you cancel it?
t2809,The transfer to my beneficiary has not gone through
t2810,"I tried to make a top-up and it was canceled, why is that?"
t2811,Are the delivery days flexible?  My schedule only allows me to be a available on specific dates.
t2812,I have a fee for cash withdrawal
t2813,"my card payment has been declined, do you know why?"
t2814,Are SWIFT transfers supported?
t2815,"I need a refund and cancel a transaction on an item I purchased and i need it as soon as possible, please!"
t2816,What is the length of time for one of these items to come to the U.S?
t2817,If I don't have all my documents can they still verify my identity?
t2818,I need my payment in another currency
t2819,"My phone was stolen, what can I do?"
t2820,How long does it take in Europe to do a transfer?
t2821,How do I turn on my new card?
t2822,Which ATM's can I use to make a withdrawal?
t2823,Will the PIN come separately?
t2824,"I was checking the app for my account and I noticed there is an authorized charge on it.  I haven't used my card today, so I know I didn't do it.  I would like the transaction reversed and the money replaced."
t2825,Can I use as many top-ups as I want?
t2826,What do I need to do to cancel a transaction?
t2827,What should I do if I want to get another card for someone in my family?
t2828,Somebody made a withdrawal from my account for 500. I have my card so how can this be? Does somebody have a duplicate card or something? Help please.
t2829,My transfer to my account is missing.
t2830,I don't know why my credit card was declined while I was trying to top-up. Was it something on my end or was there something wrong with the top-up function?
t2831,Can you provide me a disposable virtual card?
t2832,What is the closest ATM?
t2833,Why was I double charged?
t2834,Where is the top-up verification code sent?
t2835,"Visa and MasterCard, can I get them both?"
t2836,The app says my transfer failed
t2837,Can this app take my salary?
t2838,"My card is going to expire, what do I do?"
t2839,How do I replace my card before it expires?
t2840,Changing my PIN
t2841,When will my card come? I need it as soon as possible!
t2842,How do I change my details?
t2843,Which countries can I change my PIN in?
t2844,I did not get all the cash at ATM.
t2845,I have a withdrawal waiting to go through.
t2846,Is there anyway to bypass identity verification?
t2847,Today I used my card at a restaurant and it was declined. Why?
t2848,How about disposable virtual cards?
t2849,Why is the purchase I made this morning still pending?
t2850,"Card payment was declined, do you know why?"
t2851,Will I get charged for sending out more cards?
t2852,"I am waiting on this refund, hurry up."
t2853,I got a fee when paying with my card
t2854,Are there any top-up limits?
t2855,"I tried and tried, but I could not complete my transfer. Tell me what is wrong."
t2856,What fiat currencies can I use for holding and exchanging?
t2857,Why hasn't my money transfer showed up yet?
t2858,Can my teenager have an account?
t2859,"In the app, how can I make it show the new card that arrived?"
t2860,What time will a transfer from the US take?
t2861,Can you tell me how to top up on my card?
t2862,How long is the wait for my card?
t2863,What do I need to do to correct this failed transfer?
t2864,What does it mean if my payment has been reverted?
t2865,I have not received an item i ordered yet so i want to cancel it and get a refund. Can you please guide me on how to go about it?
t2866,I'd prefer to use my American Express when putting funds into my account.
t2867,I have a new card and I can't add money to it.  I tried about 30 minutes ago and it is still pending.  What do I do?
t2868,Does the card you sent have a tracking number?
t2869,How do I report a cash withdrawal that wasn't me?
t2870,Why won't cash come out of the ATM?
t2871,How to order a virtual card
t2872,Is auto top up a provided service?
t2873,"I tried to get money out of the Notting Hill ATM earlier, but I wasn't able to get anything out. Is there a problem with my card? It's the first time I tried using it."
t2874,Do top-ups have a limit?
t2875,"I would like to get a physical card, but I don't know how. Can you help me?"
t2876,I tried taking out 30 pounds from the ATM just now and it only gave me 10. Why would it do that? I need the 30 pounds now!
t2877,Can I use app to reset PIN attempts?
t2878,Is there a charge for exchanging foreign currency?
t2879,What may be the reason that my transfer did not go through?
t2880,What fiat currencies do you support?
t2881,My exchange rate is wrong when I get cash.
t2882,I haven't used my card all day but there is a payment showing in the app. Please cancel it!
t2883,How can I top up with my apple watch?
t2884,"I have lost my card, but need to place an online order! How do I get a virtual card instantly?"
t2885,I have foreign currency i would like to change how much will it cost me?
t2886,Is there a reason why there is an extra £1 charge on my account?
t2887,what's my top-up verification code?
t2888,Is there a limit to the number of disposable cards I can have?
t2889,Can I see where my funds come from?
t2890,Why can't I buy cryptocurrency on the app?
t2891,I bought some things in the morning but the payment shows as pending
t2892,can i get a virtual card online
t2893,"Why, when paying with the card, was I charged an extra fee?"
t2894,Is there a auto top-up option?
t2895,What is the procedure for me to get more cards on my account?
t2896,If I need to top up with cash where should I look?
t2897,How do I go forth on transferring a sum of money from one account to another?
t2898,Where do i verify a top-up card?
t2899,I have been overcharged. I just changed over Russian Ruble to UK pounds and it was too much. It seems something was wrong with my exchange.
t2900,I recently transferred money to my account when will it show up?
t2901,Can you tell me what is wrong ? I top-up with you all the time but this time it just shows my top-up as pending. What is happening?
t2902,What is the maximum transactions for one disposable card?
t2903,"I need to make a transfer from Europe, how many days does this take?"
t2904,where can I get the info for my funds
t2905,"Hi I've been trying to top up my card for the past day but it gets declined, I need it topped up urgently! Can somebody get back to me to resolve this or explain any different ways I can top up my card?"
t2906,I made a payment with my card that was cancelled?
t2907,My disposable virtual card was rejected.
t2908,Is there a top-up limit?
t2909,Why is my friend not getting a transaction arrival yet?
t2910,I think I forgot my passcode
t2911,I need to make several disposable cards per day.
t2912,"Transferred to account is not successful, help please?"
t2913,Do you take SWIFT transfers?
t2914,How do I change the PIN?
t2915,My app shows a money withdrawal that I did not do.
t2916,can i order cards on the app
t2917,"Why is my transfer not working? I tried multiple times to transfer money, and all that happens is an error message pops up."
t2918,"I can't freeze my account as I need the card as I am traveling, how do I change my pin?"
t2919,Is a tracking number available for the card that was just sent?
t2920,Can you please explain to me why there is an extra €1 fee in my statement?
t2921,I didn't get the all the cash i wanted from the atm
t2922,Are their certain cash machines where I can change my pin?
t2923,"My transfer was wrong, are you able to stop it before it goes through please?"
t2924,I have to make more then a few disposable cards per day.
t2925,Can I top-up my google pay?
t2926,Why wasn't my top-up accepted and where did that money go? At first it said it was confirmed but now I can't find it.
t2927,"I transferred money, but I think I've been charged a fee for it?"
t2928,Why did my card payment not work?
t2929,do you offer refunds? i would like to return purchase.
t2930,How many disposable cards am I allowed to have?
t2931,Why isn't my deposit showing up?
t2932,How soon will I get my card?
t2933,My top-up has not posted.
t2934,"I just tried to top-up and now I'm getting an additional verification message, why?"
t2935,Please cancel my last transaction.
t2936,I could not get the top-up to go through
t2937,Online banking is not showing my cheque or cash deposit so the balance is incorrect.
t2938,My account says I have a pending transfer.
t2939,Am I limited on the amount of disposable cards I can possess?
t2940,I couldn't complete card activation.
t2941,"I traded some of my money from my native country into an ATM to exchange for foreign currency, and the money I received was a different equating amount!"
t2942,I made a payment that's pending. Will it go through?
t2943,What is the first step that I should take after my card has been stolen?
t2944,Lost password
t2945,I hope to get a Visa card
t2946,I looked at my statement and found a payment I and found a mistake.
t2947,Why did my card payment get declined?
t2948,How to verify my identity
t2949,"Hi, i found a large amount payment in my old statements which i am sure was not made by me. I am aware that the time has passed but is there a way to raise a dispute for this payment now?"
t2950,My app says I withdraw funds from my account through an ATM.
t2951,My statement contained a one pound extra fee
t2952,how do i get a new card
t2953,Please assist me with activation.
t2954,I was charged too many times for one transaction.
t2955,Can you tell me why my card payment did not work?
t2956,Why on earth do you need so much personal id info from me?
t2957,How can I replace an expired card?
t2958,"I need to top up, can I use google pay?"
t2959,Can I change my PIN at my local bank?
t2960,How do I get selected for a visa card?
t2961,Why is there a cash withdrawal I didn't make?
t2962,Does the auto top-up have any limits?
t2963,I did not receive the right amount of cash I requested
t2964,"I tried to get money out of an ATM in Notting Hill earlier, but it didn't work. Is my card actually working? It's the first time I tried using it"
t2965,Why hasn't my transaction arrived to my friend yet?
t2966,Please assist me in activating the card.
t2967,"I just received a new card, where do I go to link it to my account?"
t2968,There is a payment with my card which i definitely did not do.
t2969,Your machine took my card. How do I get it back?
t2970,I am reluctant to use ATMs international because I don't get an accurate exchange rate
t2971,Why did the cash deposit not show up in my account?
t2972,Was I charged more than I should of been for a currency exchange?
t2973,How can I receive my salary with a different currency?
t2974,Do I have to pay more for exchanges?
t2975,What is wrong with the exchange rate? This should have been a much higher amount of cash for that to apply.
t2976,I paid with my card and ended up being charged a fee.
t2977,What other currencies are available to change to?
t2978,How much do I need to pay for a transfer?
t2979,Can I have a Visa card?
t2980,Hi. Please can you help me fix a double charge on my card? I'm looking at my transactions and this restaurant I went to earlier in the week has charged me twice! Please remove the additional charge for me.
t2981,Can you please check my UK Account to make sure everything went alright?  I made the transfer a couple of hours ago.
t2982,When will my transfer arrive from Europe?
t2983,Did I do something incorrectly? Where is my top-up?
t2984,Can I use my card to withdraw from my account?
t2985,I can't get my virtual card to work.
t2986,I'm interested in getting a card. How does one go about doing that?
t2987,How long should it take for my top-up to finish? I've been waiting a while.
t2988,Why is my card payment still a pending transaction?
t2989,I didnt get the correct exchange rate for getting cash
t2990,Why are you charging me fees for using my card?
t2991,I need my virtual card
t2992,The cheque I sent to you to have deposited a couple days ago has not cleared in my account yet. What is the issue?
t2993,how long does it take to get my card i am in a rush
t2994,I've made more than one attempt to make a purchase and the card keeps getting declined. Why do you keep denying my transfers?
t2995,Do you give refunds?
t2996,Seems like my card payment has been cancelled
t2997,Why was my virtual card rejected?
t2998,When will the money reach my  account?
t2999,I want to transfer a sum of money from another bank account I have into this one
